id,comment,score
1,果真是事事不如人意，难过的让人心颤…[淚],0.8054
2,高，还好吗？,0.8008
3,可能亏损的那个表基本没什么意义，数据基本没参考价值。,0.1661
4,感谢大吧，那什么,0.6961
5,想为这样的小江承包整片郁金香海洋，和所有夜晚的“好好睡，晚安”,0.4706
6,可爱又真实的G,0.947
7,吒儿好棒！,0.8631
8,能不能积极一点 打打鸡血 进度每三小时发条微博 定个目标 别再低调了,0.769
9,我来了!,0.5262
10,沈阳有嘛 ,0.7188
11,Hi~您好，您发布的文章已被创建同名问题，文章内容被收录为回答。此问题将会吸引更多用户参与讨论，您的文章也会被更多网友看到，带来更高曝光和互动量~戳→→,0.9846
12,170414 恭贺今日《择天记》发布会圆满结束。作为人类非物质文化遗产的全球唯一入选陶瓷类项目龙泉青瓷中精心挑选了雷慧仙大师的手工瑰丽之作，同时敬献辛国正大师手工品茗杯、以及手工细雕檀木梳，以表心意。择天同行，感谢在鹿晗演艺道路上的合作与悉心指点，在此预祝电视剧《择天记》收视长虹！,1.0
13,"恭喜你的优质内容进入热门流电影频道曝光~持续沿着垂直领域方向创作，获取更多流量,详情见",0.9999
14,失败是因为有些能人被埋没了，应该让他们来拍。,0.1478
15,我总感觉鹿小晗不敢直视舒淇姐姐,0.7047
16,喜欢害羞的你,0.6769
17,真想陪他闯天下就把该做好的事做好。没有哪家搞集资是低调就能搞好的，已经数次尝试理解大吧了，可还是会为大吧的工作效率感到失望。鹿晗这张专辑销量有多重要大吧难道不明白吗？可为什么我看不到大吧的积极性？,0.0442
18,回复为图片,0.1911
19, 迟到的大连包场  但我们的热情永远不会迟到,0.9892
20,缺少一个铁血男主角,0.9543
21,最后那张是慈善会的时候吗？,0.7862
22, ,0.5262
23,表白鹿晗,0.3013
24,我爱江洋[淚][淚][淚],0.6552
25,啊啊啊啊啊期待江洋哥哥,0.998
26,鹿晗堆塔数据群恭祝鹿晗新春快乐！预祝《上海堡垒》票房大卖！！！新年快乐,0.6911
27,堡总冲鸭,0.3485
28,大不了把那些片段放出来，我们粉丝自己剪啊啊啊啊,0.9883
29,微博可以转发（带签名）。合法,0.2812
30,太温柔,0.7124
31,为什么大吧对于新专辑好像一点都不重视的样子，不能对鹿晗的新专辑上心一点吗，别家要出新专辑了，官方后援会每天都积极让粉丝为新专辑努力，到了这里就是低调,0.9441
33,辛苦辛苦，天气原因延迟到今天，但是依然热情高涨[加油][加油][加油],0.9999
34,武汉保利星河九州粗暴对待业主！不仅虚假承诺还不让业主看样板间！,0.0307
35,这张 帅气姐弟,0.8342
36,图四的可爱 加油 加油 加油＾０＾~,0.9998
37,期待鹿晗,0.6423
38,鹿哥，杀青咯好好休息一下，期待热血街舞团！！,0.601
39,期待江洋*77777777777777777,0.6831
40,鹿晗堆塔数据群恭祝鹿晗新春快乐！预祝《上海堡垒》票房大卖！！！,0.509
41,点赞多少个暑假我就请多少个人看鹿鹿的上海堡垒,0.965
43,转发微博,0.6439
44,天辽地宁，与鹿同行,0.1395
45,虽不是鹿晗的铁粉，但话还是要说的，上映前，他们俩一起去拍了“向往的生活”，说鹿晗怎么怎么好，剧本没出来就定了，就觉得他适合这部戏，期间还推杯换盏的，开心的飞起，感觉看到了票房大卖的样子，现在呢，最起码总结电影问题的时候不应该单独拎某个人出来，给世人传递意念。导演这点不好！,0.9983
46,帅哥美女真养眼,0.9984
47, 每一张都可爱,0.6874
48,期待《上海堡垒》 期待江洋,0.7641
49,谢谢你江洋，辛苦了鹿晗,0.8416
50,鹿鹿,0.4738
51,鹿晗堆塔数据群恭祝鹿晗新春快乐！预祝《上海堡垒》票房大卖！,0.8158
52,堡垒加油,0.8953
53,陪你闯天下,0.577
54,很喜欢很棒,0.9614
55,天辽地宁与鹿同行,0.1395
56,觉得不会投，因为个人觉得，这个导演太厉害了，不得不佩服，被向佐说,0.2504
58,呜哇！有一个帅哥哥,0.9973
59,啊啊啊啊啊啊啊堡宝,0.9681
60,新年快樂,0.8162
61,堡垒争气！堡垒冲鸭！,0.2382
62,怎么奇怪,0.3169
63,请问评论里说大吧不积极的都给了多少钱呢,0.0021
64,很棒很棒,0.9736
65,棒棒哒，加油！,0.8851
66,愿你往后走的每一步，都会被洒满玫瑰花瓣。,0.9709
67,其实我觉得还可以.....特效做的很好呀,0.7964
68,期待0809鹿晗对舒淇姐姐爱而不得的表演！,0.975
69,露点头发也太好看啦,0.7092
70,期待江洋！！！！！,0.2312
71,期待江洋,0.7053
72,等你啊等你！大堡贝,0.7501
74, 好棒,0.875
75,江洋宝贝,0.8161
76,天气原因才看上，感谢你们的一鹿相伴,0.5518
77,不是吹，我们家的花篮应援真的很厉害，话说上海堡垒的花艺好漂亮。,0.7555
78,在那个“向往的生活”里面，你那个导演不是说就看了鹿晗那张照片，就觉得该是他吗？现在又说这样的号，未免太那个了。我记得当时，黄磊还问那个导演（导演名字记不得）是不是看鹿晗好看，那个导演还说不是，是真的很看好他什么来着，哎，我都不知道说什么了，我都不是鹿晗的粉，都看不过去,0.8787
79,小可爱,0.8105
81,过分了！！！！！,0.0417
82,啊啊啊啊啊啊啊啊啊小堡垒！！,0.9555
84,要大卖,0.5556
85,爱你❤,0.728
86,永远有个遗憾落在了那个夏天。但还是很高兴能遇见江洋。,0.9937
88,闽闽之中，豫芦相逢，天地辽宁，咔咔的,0.9992
89,希望我喜欢的男孩可以天天开心,0.987
90,剧本＞导演＞演员,0.9778
91,相比较下来，第三张鹿鹿真的好奶哦，像个糯米团子,0.5671
92,p4憨憨加油 p5憨憨惊讶 p9憨憨拆话筒,0.9814
93,19年见了，江洋,0.3324
94,鹿哥加油,0.8953
96,可以了，期待口碑很好,0.9174
97,啊啊啊，好可爱,0.9515
99,有个错别字，取得,0.5556
100,哇⊙∀⊙！昨天没见这个,0.3114
101,江洋哥哥,0.9719
102,恭喜杀青,0.7298
103,啊啊啊啊啊啊啊啊啊啊啊啊啊啊啊啊我靠,0.9997
104,鹿晗堆塔数据群恭祝鹿晗新春快乐！预祝《上海堡垒》票房大卖！！,0.6391
105,摩点没下线…别的家都开了,0.2575
106,嗷！好可爱！,0.8673
107,芦苇,0.7298
108,鹿鹿走花路,0.5046
109,顶一楼！,0.354
110,舒淇一直这么可爱，嗲嗲的却不招人烦,0.1681
111,我江洋哥哥,0.9719
112,啊啊啊，江洋哥哥,0.9894
113,啊啊啊啊啊啊是我们大堡垒～,0.9574
115,期待堡垒啦,0.666
116,辛苦了,0.82
117, 天辽地宁，与鹿同行,0.1395
118,以后的路一起走,0.6798
119,一部电影好与不好，全寄希望于一个人？每个角色都很重要，而且导演作为一部戏的中心，最关键的好吗，把责任一味地推到一位演员身上，很没担当诶,0.9999
120,第三张是哪的？,0.2094
122,期待出色的你！,0.9128
123,最帅的鹿哥,0.6429
124,啊啊啊啊啊啊啊啊啊啊啊啊啊啊啊啊啊啊啊啊啊啊啊 我的天呐！！大堡竟然更博了,0.9998
126,听说流浪地球也很好看，不过堡垒争气！堡垒冲鸭！暑假见,0.9992
127,辛苦啦,0.82
128,好可爱！！！,0.6297
130,你往后的每一步，都会撒满玫瑰花瓣,0.9875
131,转,0.4846
132,好可爱一小男孩！,0.9679
133,加油＾０＾~,0.8953
134,期待,0.689
135,2019见,0.361
137,看下私信,0.9463
138,     想给你最好的 愿你得到最好的 在小贵分心里 你是最好的,0.8382
139,我爱你,0.7483
140,天辽地宁与鹿同行！,0.1395
141,鲜花应援,0.6461
142,我好喜欢他俩的互动啊！！！ 舒淇好可爱！！ 感觉很好玩！！ 整个剧组都很可爱！我猜两个人私底下聊天应该也挺有意思的,0.9999
143,p4是什么绝世可爱,0.9473
144,期待江洋，期待《上海堡垒》,0.7641
145,哇，江洋哥哥,0.9719
147,大堡垒冲鸭,0.2831
148, 你是远方星球的引力，所以我潮汐不止！,0.9826
149,好可爱,0.879
152,超级可爱,0.7544
153,哎呀，这是新的鹿鹿,0.5967
154, 期待鹿晗～,0.667
155,啊啊啊啊啊啊啊啊啊啊啊啊啊啊啊啊啊啊啊啊啊啊啊啊啊啊啊啊啊啊啊啊啊啊啊啊啊啊啊啊啊啊我爱你！！！！！！啊啊啊啊啊啊啊啊啊啊啊啊啊啊啊啊啊啊啊啊啊啊啊啊,1.0
156,啊啊啊啊啊啊啊啊，江洋！！！,0.9373
158,等你！小堡贝！,0.7501
159,  陪你闯天下,0.577
162,也就是无数人后来效仿的走花路,0.4996
163,一直都这么可爱,0.824
164,可爱,0.8089
165,表白鹿晗哥哥！！期待江洋,0.9146
166,上海见圣诞快乐！,0.9662
167,啊啊啊啊啊我的大堡贝终于有消息了,0.9223
168,新年快乐！！期待堡垒，期待江洋哥哥,0.9907
169,堡贝加油(ง •̀_•́)ง,0.9541
170,组织和实施的姐姐们辛苦了，这个夏天难以忘怀，还好有你们一鹿陪伴，加油,1.0
171,江洋，加油,0.9112
172,我一直在,0.5262
173,哇我还是第一次看见,0.4969
174,好可爱一小朋友,0.9391
176,恭喜杀青 去休假吧 哈哈哈哈哈哈,0.9982
178,哇啊啊啊啊啊啊啊期待江洋哥哥！！！！！,0.9942
180,科幻年啊！,0.767
181,为什么文案不能精简点 直接jz+付钱的方式就行了 每次都不该 没看到你爱鹿晗的心,0.5734
184,鹿晗往后的每一步都铺满玫瑰花瓣,0.9413
185,谁还敢说没有cp感的！！！！,0.1586
186,小柠檬！！！！,0.8978
188,期待上海堡垒,0.6004
189,啊啊啊啊啊江洋哥哥！！！！,0.9854
191,大吧大吧，我个憨憨我转到上次的号里了，没事吧,0.2288
192,超可爱,0.8288
194,愿你往后走的每一步，路上都洒满花瓣,0.9192
195,上海堡垒电影票我买了，就等上映啦,0.4007
196,鹿鹿快点拍完出来玩吧,0.7925
197,恭喜杀青！希望早点看到江洋,0.6993
198,啊啊啊啊啊啊啊啊啊啊啊啊啊啊啊啊啊啊啊啊啊啊啊啊啊啊啊啊啊啊啊啊啊啊啊啊啊啊啊啊啊啊,1.0
199,等大堡垒，等江洋，除夕快乐,0.9435
200,  新年快乐！期待堡垒！,0.8114
201,老期待啦！,0.7057
202,  ,0.5262
203,有盘锦场吗,0.7051
204,鹿晗lh,0.4477
205,面对漂亮姐姐还是会害羞,0.9947
206, 我的可爱宝贝呀,0.9399
207,图二 真实的尖叫,0.7171
208,江洋好帅啊啊啊啊啊,0.8874
209,鹿晗堆塔数据群恭祝鹿晗新春快乐！预祝《上海堡垒》票房大卖！！！⚡ ⚡ ⚡,0.7636
211,棒棒哒,0.4738
212,"往后的每一步都会被铺满玫瑰花瓣,任何阻碍都阻挡不了你,一切都会辉煌灿烂",0.9999
213,可可爱爱,0.9189
214,为江洋哥哥打call，辛苦了，恭喜杀青,0.9968
216,啊啊啊啊啊啊超级期待啊 快上映！！！期待江洋！！！,0.8846
218,百度鹿晗吧，陪你闯天下。,0.4989
220, 恭喜杀青,0.7298
221,新年快乐，猪年大吉,0.2446
222,百度鹿晗吧，陪你闯天下,0.4989
223,我们一起陪你闯天下,0.577
224, 百度鹿晗吧，陪你闯天下,0.4989
227,2019遇见江洋，虽有遗憾仍感恩可以窥探到27岁那年他的模样！期待下一次相遇！,0.9997
228,你是远方星球的引力，所以我潮夕不止,0.9978
229,互评互评互评互评,0.0018
230,互评，加油,0.6558
231,辛苦啦！我们一鹿同行！,0.4507
232, lh 演员鹿晗，我们后会有期,0.8969
234,刘海太那啥了,0.8703
235,凌晨两点，比范思哲还表明更快，态度明确，作为中国人我们热爱我们的祖国，祖国利益高于一切，中国一点都不能少,0.9962
236,风大雨大陪你闯天下！,0.5
237,《上海堡垒》从哪里看都看不出是诚意之作。只要有好的电影出现，观众就不会失去信心，但就是先进观众审美进步的同时，某些导演艺人还乐此不彼的开后车。,0.9976
238,我想起了向往的生活里。。导演。。。,0.9844
239,不观望不犹豫，任何代言在国家利益面前都不值一提。,0.5747
241,上海堡垒是真的不好看，没有剧情，还不如看使徒行者二,0.5137
242,恶心,0.1241
243,连解说我都看不下去,0.3013
244,台词好棒！！！,0.8806
245,是啊 这个时候甩锅给演员也是醉了,0.8117
246,杨幂方了解后第一时间发声明,0.1611
247,加油，小芦们都在的,0.9044
248,江洋哥哥我来啦,0.9719
249,还没看的想二刷的私信博主自取哟,0.8908
250,上海堡垒没有负分选项，差评！,0.0107
251,卧槽，还有夜店的戏份啊？心真他妈大，我只看了开头就看不下去了,0.8444
252,帅炸了！,0.938
253,国家高于一切，这是原则问题，中国一点都不能少,0.8944
254,还闯天下呢，这个样子马上世界末日就来了,0.9884
255,期待鹿晗，期待江洋哥哥！！！,0.9631
256,王思聪好欠扁，最讨厌人说呵呵呵了，什么意思吗,0.5281
257,只说一句，现在的观众只为好作品买单。,0.8691
258,用这一战，赢你和勋章！ 0809上海堡垒电影院见！！！   ,0.1884
259,向佐说的没错啊…应该导演承担,0.6439
260,祖国利益高于一切，支持杨幂,0.9629
261,辛苦了，粉丝们。,0.9111
262,期待鹿晗，期待江洋！0809电影院见！,0.6392
263,这个额呵呵真不错,0.9372
264,作为一部抵御外星人、保卫家园的科幻电影，本应带给我们一些感动，甚至热泪盈眶，但是这部电影看得我略显尴尬，舒淇作为一名司令，走路姿势有些别扭，最后打斗的场面也像极了小时候拿着玩具枪和小伙伴玩耍的样子。台词配音也少了份紧迫和庄重。,1.0
265,图片评论,0.4469
266,我们大幂幂就是刚，支持幂幂,0.4745
267,陪他一起闯天下！,0.577
268,“这个夜晚不错，并不炎热的夏天，月色蛮好，城里的街道上流动着淡淡的花香。其实我没本事救这个城市，也没本事救她，我只是想再听听她的声音而已。”在天幕坠落、世界沉沦之前，江洋有个没来得及许下的愿望，如果不能一生相伴，那就一生纠缠，8月9号想去看看。,1.0
269,能不被老王喷的明星也就林更新了,0.4301
270,江洋啊 ,0.5455
271,路人都觉得莫名其妙，鹿晗演技是鹿晗演技的问题，但是这次的问题真的不在于鹿晗，剧本后期环境设定人物性格剪辑没有一样OK的，演技不用背这么大的锅，谁演也好不了哪里去。就是导演功力不够想用流量赚钱结果失败了,0.9999
272,期待郑爽女儿们的恋爱,0.9748
273,虽有遗憾，但任然感激遇见你江洋,0.9706
274,“用这一仗赢你和勋章”上海堡垒定档0809这里是上海，守护人类最后的堡垒！！,0.9866
275,上海堡垒这部影片很好看，特效是真的好，服化道是真的棒，剧情跌宕起伏，演员演技都在线。推荐大家去看，不能让我一个人花这冤枉钱。,0.9996
276,帅爆了,0.7591
277,不说别的这个导演够low的 都怪演员也是神奇！没有鹿晗，这点票房都不保,0.9971
279,鹿晗江洋,0.4932
280,好喜欢他们俩,0.8999
281,演员就该有演员的样子，中国演员的门槛太低了，啥歪瓜裂枣都能当演员,1.0
282,8月9日，不见不散呀，灰鹰小队江洋,0.297
283,粉丝要是不说话：看，鹿晗糊了吧，都没有粉丝控评了； 粉丝要敢责怪导演：看，互相甩锅，狗咬狗喽～ 你让我们怎么办？反正你们的嘴就是屁股，放臭屁是不需要到责任的,0.0028
286,一座城池之争，人类存亡之战。陆沉、毁灭；保卫、拯救。殊死一争，为生存而战。 【暑期档0809】 未来战争电影《上海堡垒》震撼来袭！,1.0
287, 哈哈哈,0.8684
288,他的特效也水的不行了，很多都是贴图。最无语的是重建后的上海和原先的上海一模一样？？？,0.2969
290,是我冲浪没有脑子吗？？？导演哪里怪鹿晗了啊,0.0646
291,郑爽,0.5
292,加油,0.9048
293,这是全世界最热血的一场末日地球保卫战，若有那一天到来，天幕坠落，世界沉沦，愿我们都还相信爱情。 【暑期档0809】 未来战争电影《上海堡垒》震撼来袭！,1.0
294,哈哈哈哈哈哈哈！,0.9751
295,我喜欢吴京的电影,0.9661
296,鹿鹿啊，你要永远开心啊,0.8223
297,"向佐是偏财格,财虽得令，比劫也不示弱,命格有中和之象,大运总体也是盖头截脚,也是中和,所以是个平安有福的格局了，人生总体顺畅。郭碧婷得令不旺，较没有安全感。杀透官藏，官杀落空,所以，总体来看,二人结缘,主要还是向佐的感情运旺相在带动, 而明后两年甲己争合,建议还是迟些结婚为宜。",0.9958
298,期待郑爽,0.666
299,啊啊啊啊啊不知道一直很喜欢的舒淇姐姐和小鹿合作会带给大噶什么惊喜！！真的超级期待！！期待舒淇姐姐！！期待小鹿！！期待不同风格的碰撞！！！！,0.9886
300, 出来挨打！,0.5
301,粉丝有在这里打嘴炮，还不如掏钱多去二刷三刷几次，让这部电影早点喜提破亿海报呢、毕竟某鹿可是有6000万粉丝的人,0.4169
302,lh 期待期待,0.7991
303,鹿晗很好,0.7413
304,坚持一个中国原则，杨幂很干脆很果敢,0.9967
305,❤,0.5
306,科幻世界，激越战争，末日爱情，强大阵容。最极致的孤独，最绝望的毁灭，逢生之处不过一句：“好好睡，晚安。”【暑期档8月9日】《上海堡垒》,1.0
307,  额呵呵呵哈哈哈哈哈哈哈哈哈,0.9982
308,意料之中，你看选了哪些角,0.8138
309,哥哥，以后不管做什么事，我们永远把健康和快乐放在第一位好不好？虽然这个想法很不成熟，可我真的不想看到你受委屈（请原谅我这么自私,1.0
310,鹿晗实惨吧,0.4243
311,支持杨幂，好样的,0.8202
312,参加了两场，反正一切只为鹿晗,0.4708
313,“你小时候喜欢在别人找不到的地方看星星，长大了也还是偷空瞅一眼夜空”✨你好，江洋。8月9日见。,0.7019
314,拍的这是一坨啥啊，退票！法克,0.118
315,我爱你啊啊啊啊啊啊,0.9832
316,导演的意思难道不是因为选了反差较大的鹿晗，让鹿晗没红起来的意思吗？而不是责怪演员吧。感觉大家都过分猜测,0.2762
317,我的关注点是郑爽真的好漂亮 ,0.9815
318,我参与了,0.75
319,啊啊啊啊啊啊期待,0.9776
320,林更新挺好的还帮忙解围,0.666
321,知道为什么会烂吗   粉丝一开始狂吹 中国科幻  现在呢  疯狂控评 路人说电影烂就骂人家收钱 黑子       说白了   上海堡垒 终究不过是一部粉丝电影    因为你们心中 除了粉丝其他都是黑子,0.7783
322,灰鹰小队江洋 你来啦,0.8309
323,球球各位了放过他吧 全网黑的还不够吗？,0.3319
324,杨幂刚! ,0.7895
325,风里雨里我们一起负重前行。,0.8809
327,说的中肯,0.5356
328,鲜肉连个头发都舍不得剪，没有军人样子！,0.2752
329,我好了我真的好了 上映前的即视感终于来了 灰鹰小队江洋冲冲冲！ ,0.9762
330,专注郑爽！期待郑爽！！,0.866
331,还有各个群自己组织的包场也很多,0.5868
332,啊啊啊啊啊啊,0.9563
333,我聪哥是真牛批，啥都不怕,0.2568
334,科幻片的市场永远是大众，要不得粉丝经济，抱着这个心，才能拍好，才有可能成功。,0.9941
335,如果世界会沉没，我们在末日相遇，还是想停下匆匆的脚步，笑着对你说一句，江洋，你好！期待0809上映的上海堡垒！,0.9996
336,导演绝对有精神病 请广电出手,0.4061
338,里面有我的一份  特别开心,0.8291
339,啊啊啊啊啊啊啊啊啊啊啊啊啊啊啊啊啊啊啊啊啊啊啊啊啊啊啊啊啊啊啊啊啊啊啊啊啊啊啊啊啊啊啊啊啊啊啊啊啊啊啊啊啊啊啊啊啊啊啊啊啊啊啊啊啊啊啊啊啊啊啊啊啊啊啊啊啊啊啊啊啊啊啊啊啊啊啊啊啊啊啊啊啊啊啊啊啊啊啊啊啊啊啊啊啊啊啊啊啊啊啊啊啊啊啊啊啊,1.0
340,讨厌上这装逼的人,0.5888
341,找谁不好你找鹿晗，这不求着人家黑你吗,0.0131
342,转//,0.1747
343,导演该承担，演员也该承担，被以前的流量忽悠蒙了，以为找了流量就能骗钱的资本方更要承担，而且已经承担了，亏大了。,0.0001
344,夹缝中找自己，然后…放弃了,0.2992
345,这一仗，用一座城，换地球一线希望！,0.9808
346,呵呵呵   王思聪够真实,0.9656
347,好爱你 哥哥//,0.9707
348,這導演是不是太有自信？這部戲沒有鹿晗誰看啊？有毛病吧…,0.7266
350,马上要见到江洋哥哥了 真得好激动啊！！！,0.9711
351,刚看了一下鹿姑娘的微博，6000万的粉丝，一张十块钱的门票也有6个亿，刚看了一下我这附近的电影院，最高的是41块，最低是22块9，大部分是36块左右，就按36块算也有20几个亿呢,0.0135
352,这里是上海，最后的堡垒。  “江洋，我不打给你了。机票在我储物箱里，密码是我生日。我已经被安排任务，下午16:45，上海沉没”,0.199
353,不说再见，我们一起向前进,0.4008
354,这是全世界最热血的一场末日地球保卫战，若有那一天到来，天幕坠落，世界沉沦，愿我们都还相信爱情。 未来战争电影《上海堡垒》0809震撼上映！,1.0
355,江洋哥哥！！！！冲啊！,0.9027
356,这是一场最热血的地球保卫战，这是一场最孤独的科幻爱情，这是上海，最后的堡垒。0809看上海堡垒，殊死一争，为生存而战。,1.0
357,鹿晗你要知道，你很棒你最棒你是我们的宝贝，期待江洋,0.9988
358,    很棒的大家庭,0.9719
359,卧槽！！！！！江洋！（！！）,0.1089
360,百度鹿晗吧，陪你闯天下[加油][加油][加油],0.998
363,真棒,0.5
366,一鹿伴晗,0.4738
368,我tm就是哭了 我同学也看哭了 你自己没看当然乱说,0.7769
369,没看过就不乱评价吧,0.1026
370,一起一直陪你闯天下,0.577
371,我不知道打9分10分的人是啥心态,0.3942
372,我是第一天上映去看的，可能因为刚看完烈火英雄没多久，对这个很期待，但是真的去看了之后再跟前几天的烈火英雄一对比，我觉得辜负了我的期待，我倒不觉得有什么流量演员演技之类的问题，我觉得每个人演的都很好，但是这个电影好像为了演而演，看完以后我都没有记住什么内容，还是剧情有问题,1.0
373,特效不错，彩蛋加分，总体来说值得一看，能看出来特效真的花了好多钱，（顺便Imax场比3d场视觉效果要好太多了，，,0.9999
374,就一点 军人还留个偶像发型 戴军帽还怕发型压塌了 虚着带 我就吐了,0.8797
375,辛苦辛苦！晚安,0.9688
376,你看看odeon官网有没有,0.2016
377,劳资超喜欢绘梨衣,0.8744
378,几千万的粉丝跳脚？太夸张了吧，我是粉丝我就没跳脚！因为我还没去看，看过了我才有资格评论，你说呢,0.0055
379,不至于黑成这样,0.6031
380,八分吧。,0.551
381,晚安,0.6486
382,上映前他可不是这么说的，现在帅锅鹿？,0.8283
383,楚子航别江南老贼写死了,0.4509
384,以后不要带以后与电影无关的不要带上海堡垒话题 电影广场刷出来不好看,0.9654
385,你见过那个军人的头发那么长！,0.1726
386,我不懂 本来就是烂片 花钱看了评价一下为什么还委屈上了？大众那么喜欢往可怜的一方倒吗,0.023
387,1分给电影院的空调 不能再高了,0.0454
388,圈钱活动宣告失败，感谢之前的好电影给了我们说真话的底气,0.5854
389, 辛苦了大吧,0.8234
391,上海堡垒,0.4297
392,对 导演这么可爱 怎么能忽略小熊呢,0.9919
393,为什么有王一博的名字，和一博有什么关系啊？,0.4779
394,和电影无关的不要带上海堡垒四个字哦,0.8019
395,不吹不黑，从中立的角度谈，确实，很大气，立意高，能自洽，显示了中国科幻人特有的浪漫情怀 全片也时刻展现了导演对于整个故事的把控，演员对于角色的理解，尤其是在危急存亡之际闪耀出的大无畏的勇气与可歌可泣的爱情都让人泪目 全片水平之高，对比好菜坞的话，与环大西洋不相上下。,1.0
396,感觉有些人恶意太大了吧，根本不是在否定电影，而是在否认鹿晗，全部人讲得都很厉害的样子“从专业的角度来看怎么怎么样”，直说不喜欢鹿晗，不喜欢小鲜肉就行了呗，何必假装公正说电影这不好那不好。我看过了我觉得还可以，非得所有人都觉得不好？花的我自己的钱，你激动个啥,0.287
397,我觉得可以八分，但我打了十分哈哈哈哈哈哈哈哈哈哈哈哈因为鹿晗好帅哦,0.9989
398,呵，钱赚够了？,0.2717
399,辛苦了…一起陪着鹿晗闯天下[加油][加油][加油],0.9994
402,还有问一些好的问题方便堡垒官博可以发出来啊，今天都好几场了，好像只发了一个军人妈妈的发言？,0.1878
403,换成谁能行？？,0.0506
404,回评来辽,0.3357
405,3.5的分数打出来 我不知道粉丝怎么闭眼吹好看的 如果真的好看 分数不会一直降 会一直升的 虽有恶意评分的人 但大多数观众不会侮辱好作品,0.6796
406,正在看，我后排已经睡着了，不要卖惨，接受现实，我已经看不下去了，外星人？？？？第一次听指挥管说外星人，外星人都要笑了,0.0077
407,同学说9分,0.3919
408,鹿晗问导演用不用剪头导演说不用 造型是他一个艺人能自己决定的吗 全体工作人员片酬只占10% 说了多少次了 一直人身攻击是什么鬼 看过这个电影的人绝不会把锅扣鹿晗身上,0.82
410,0000007,0.5
411,四字互评,0.1671
412,是呀，也要顾及到导演呀，导演人这么好,0.9611
413,真恶心，要脸么,0.1149
414,互评加油,0.6558
415,怕是你都没有看过就开始黑吧，请你去看过影片以后再做评价吧,0.1539
416,看过说烂片我可以理解，你没看过也跟着说烂片我就不能理解了,0.8216
417,7.5分，制作挺精良了，鹿晗其实也及格以上了，讲道理这电影是因为流量小生名头被骂有点亏,0.9964
418,科幻电影的门被焊得死死地,0.9115
419,你是远方星球的引力，所以我潮汐不止,0.9826
420,好期待啊啊啊啊我已经等不及了,0.8684
421,加油，互评,0.6558
423,想问你一句，你这个事跟王一博和刘强东有啥关系,0.6081
425,谁演烂片都要做好挨骂的准备，就算是古天乐曾经有一段时间都被骂烂片王！烂片就是烂片，演员你也有不接的权利啊！你接了就要荣辱与共，你们粉丝为了演员好，就要督促他接好片，提高眼光和演技，不是在这洗白，还很努力，他努不努力和我有什么关系！！！！,0.9998
426,不好好拍戏干嘛一直道歉？？？？？道歉票房就起来了？？？六年策划拍摄在干嘛去了？？？？？一点意思都没有,0.0001
427,绝对没有一分那么差，七八分吧,0.0897
428,不用道歉，赔我票钱,0.0081
429,虽然没有一个很好的结果，但我们都曾经用心的经历了，π2加油,0.9986
430,8月9号影院见！,0.1002
431,姐妹，以后积分贴不要带上海堡垒的tag哦，净化组号召了。,0.3107
432,对 注意下哈 导演对咱鹿那么好,0.7843
433,互评,0.1822
434,烂片就是烂片，粉丝不愿意承认罢了，在微博只有有人说实话就被她们举报营销，,0.129
435,之前宣传说科幻片，可到头来竟然是部爱情片,0.9093
436,没看过不予评论,0.0391
437,"啥子叫""不喜欢电影的朋友""，只是不喜欢没营养的电影～",0.8607
438,好好睡，晚安！,0.4214
440,兴奋，上海堡垒倒计时二天,0.722
441,哈哈,0.5262
442,互评加油呀,0.6558
443,鹿晗六千万粉丝，每人一张就至少12亿了。支持偶像3刷不过分吧，这不就36亿了吗，你们就不能去内部消化吧，哭哭滴滴的干什么，怕都是假粉丝吧……,0.0147
444,不心疼，不看，不知道好不好看，该问问粉丝（原著粉，主角粉）为啥不去看,0.4221
445,彩蛋千万别忘了看，千万别忘了看。特效是真的好看，8分是有的,0.1768
446,可惜您把中国科幻电影的大门关上了  还上了锁,0.9232
447, 看到自己了，鹿晗加油！我们永远都在,0.9439
448,非常期待,0.689
449,加油加油互评,0.9422
450,对哇对呀,0.5262
451,互评一下,0.1822
452,什么电影没黑子呢？吴京天天在微博上被嘲战狼评分也不低啊，真以为黑子能主宰大局？那不用拍电影了，多找找自己的原因。,0.9996
453,我全程精神紧绷，没有想看手机的意思，哪里不好了？如果因为鹿晗发型给恶评，那我也可以因为特效不错给满分咯…………？,0.8072
454,别动不动就扯上中国科幻电影 自己拍的电影自己心里还没点数吗,0.9406
456,期待哥哥,0.9846
458,真的，我也想说，两一起cue吧，导演也特别可爱啊,0.851
459,鹿晗的粉丝都是小孩子，哪里有钱支持他，还有就是小孩子思想不成熟，不能分辨是非//,0.6779
460,其实只要真的是好电影，口碑是一定会打破对流量的偏见，例如动物世界，真的好的话后续票房会上来吧,1.0
461,其实我觉得还不错啊,0.883
462,这就是导演号称筹备六年的电影,0.7986
464,期待期待期待！,0.8981
465,0809上海堡垒,0.4042
466,给导演留点面子,0.8783
467,明天见，四字互评,0.0431
468,顶一个,0.5277
469,我能说，我看了以后，觉得也还过得去吗,0.5383
470,9分以上,0.2413
471,林俊杰出来背锅吧，谁叫你唱的江南,0.9748
472,浙江的台风害死人了,0.2048
473,期待鹿晗呐,0.7388
474,互评互助互赞,0.7316
475,有道理,0.5907
476,那个哭的是哪吒吧,0.8658
477,几乎全网都在说烂，全网都看过了？我没看，默默吃瓜不做评价,0.2527
478,只能说一般吧,0.1739
479,很多人就是戴着有色眼镜去电影，在看之前就已经对电影有了意见，然后在看的过程中无限放大。只因演员不和他们胃口，演员着装不合他们眼中的要求，最后在偏见中说出那些自私的话。,1.0
481,期待演员鹿晗//,0.8451
482,加油加油,0.9878
483,其实我看视频的时候也在想找个，所有人都在问鹿，然后导演在旁边没人提问还是蛮尴尬的，只要是老问鹿感觉鹿会也尴尬,0.3467
484,几千万的粉丝才9000万票房  难道粉丝都是铁公鸡咩,0.8997
485,跟我发小去看的。感觉。。还好啊。。。没这么烂。哇。。。,0.0664
486,剧情问题 没有重点 就是危机来了危机没了危机又来了最后解除了… 想表达情感但前面铺垫不到位…但我觉得演员没啥毛病吧，鹿晗演的也还可啊，整体不行全来黑鹿晗我觉得真的蛮惨的,1.0
487,电影没看，不过就口碑和制片方反应来看，确实是烂片。我觉得他们应该是没想到之前会有流浪地球，把观众的眼光和期待拔高了。他们的原意应该是用流量明星，套个中国科幻的皮，骗一波钱。毕竟以前人们对国产科幻没啥期待，脑残粉也可以嘴硬说没有更好的，结果玩砸了,1.0
488,//,0.2
489,七夕快乐,0.8935
491,有些事情真的很可怕。我的同学，一个211的大学生，昨天在我QQ空间里呼吁大家冷静，不要给鹿晗抹黑，我真的hhh,0.7972
492,我真的觉得电影不烂啊，不能说好也不至于被喷成这样，我最后还看哭了,0.5687
493,新的一天，愿所有美好如期而至你身边,0.8821
494,就鹿晗那演技,0.7849
495,未来一鹿前行[加油][加油][加油],0.9998
498,粉丝：没看没资格评论 路人：看了 粉丝：又骗到一个，嘿嘿,0.3833
499,没有全部 不算好但烂片我觉得不至于,0.6497
500,八分,0.551
501,怎么一直在买惨，新的炒作方式吗,0.144
502,好好睡 晚安,0.4214
505,对，要雨露均沾,0.1598
506,全程看完电影的人，表示真的很尴尬，全剧超平,0.9892
507,搞什么道德绑架 烂都烂了 还要用这种方式营销,0.0737
508,昨天看了，好看，db的确被刷恶评了…我这个玻璃心唉。,0.2665
509,对努力二子有婶婶的误解,0.5761
510,百度鹿晗吧，陪你闯天下！,0.4989
513,确实，大家也要照顾照顾导演，导演真的不错,1.0
514,"为数不多讲真话的不收钱的大V,不错，不错，关注一波",0.8361
515,感觉还行啊这电影,0.9112
516,我觉得不错啊，没有那么差啊，感觉被键盘侠摸黑了,0.5057
517,陪伴是最长情的告白,0.9481
518, 期待江洋//,0.3501
519,互评呀，然后想要个原图。,0.2339
520,加油加油加油,0.9986
521,看到舒淇，我觉得我应该去看，然后又看到了鹿晗，嗯…还是思考一下吧，再看到身边朋友观后感，去你的什么堡垒，想骗我去睡觉，没门。,0.858
522,怎么演个电影就这么难吗，真是无语，感觉现在的人都是来挑事的，不是来看电影的。,0.9204
523,看到照片，确实与中国军人形象差别很大！,0.81
528,我作为路人，我看了这电影的海报完全没有想看的欲望，果然…,0.8452
532,不知道该问什么,0.1931
536, 对，有道理,0.5907
540,没毛病,0.4396
541,百度鹿晗吧，陪你闯天下。辛苦了,0.8033
542,感谢你们,0.6912
543,哈哈！里面有我,0.5262
544,陪着他，一路前行，无所畏惧,0.9654
551,估计没想到原作者还能发现啊,0.3189
552,冲鸭大堡贝，真的蛮期待这种科幻巨制，期待鹿晗，期待上海堡垒,0.965
553,大粑粑辛苦了,0.7869
554,事实证明，不是中国电影做不了科幻片，而是要看是那些人制作电影,0.9923
555,每个男孩子是不是都有拯救世界的梦想？期待《上海堡垒》，期待和我们一样平凡不畏的江洋,1.0
556,看完电影觉得这个电影演员真的没什么值得槽的，，完全是电影本身懒，，没啥剧情没啥意义就算了，，电影声音处理太值得槽了。。。配音嘴型对不上，，，那个配乐简直了，，真的。。。。,0.952
557,像这种抄袭不抄袭我是看不出来，我就当个吃瓜群众，看看到底这个事情结果如何,0.0466
558,该段视频素材如果没有运用到电影中，确实不算电影抄袭。但它用于导演的微博为电影作为商业用途宣传，也确实应该提前给作者说明付版权费。,0.8834
559,[加油][加油][加油],0.9982
561,是真的烂 求粉丝别挽尊了,0.1126
562,如果你在未知的迷茫里看见了一束光，你是会在迷茫里继续痛苦，还是在光束里沉沦，还是不顾一切的向这束光冲去。如果给你一个机会安全离开那个支离破碎的地方，你还会不会留下来拯救它。8月9日《上海堡垒》，让我们和,0.9995
563,片酬啊！还能哪,0.5488
565,得，票房那样就算了现在还抄袭，丢死人了,0.3893
566,超级期待呀,0.6165
567,太好看了,0.5375
568,不是说制作了6年，这点素材也要剽窃,0.7288
569,求互评3,0.064
570,知乎上面这部电影一边倒的差评,0.2731
571,少年热血无畏，百炼成王，想知道江洋如何经历战争洗礼，蜕变为少年英雄？8月9日和《上海堡垒》一起，来听周震南,1.0
572,鬼知道花到哪里去了，好好查查吧，牛吹的飞起,0.1913
573,鹿晗帽子都戴不正,0.6942
574,期待上海堡垒 ，期待江洋哥哥,0.9894
576,成事不足，败事有余,0.7068
577,其实还好  不会像有些烂片一样突如其来的烂  这片子烂的很均匀,0.0843
578,个人觉得也还可以，这真的是输得好惨，完全营销没做好给人带节奏了,0.9526
579,加油互评,0.6558
580,那是因为你带粉丝滤镜看的,0.7551
581,不说别的，没有鹿晗，这个电影剧情及整体也不值得看啊,0.9577
582,从青涩和疯狂走向成熟与稳重，少年还是对抗世，孤独不曾离开却已学会面对，在8.9上映的《上海堡垒》中体会鼓起勇气的热血和激情吧，为信仰而战！同时也请用心聆听,1.0
583,其实我没整明白舒淇为啥接这剧本,0.0261
584,别问，问就是0809电影院看鹿晗。 别问，问就是成见是一座大山。 别问，问就是没看过就没资格评论。,0.0036
585,上海堡垒定档,0.3808
586, 很棒哦,0.8649
587,啊啊啊啊来了来了！天使的嗓音来了！ ,0.9963
588,舒淇表示真带不动,0.3329
589,真她妈丢人,0.0839
590,该反思了。现在的电影很多都不注重质量，都是想靠流量明星吸引大家去电影院。被打脸了吧，说实在lh演的这几部电影哪部能看？？？结果都被吹的飞起。不是每次都有人买单的！,0.8525
591,岁月静好，你在，我在,0.9592
592,7分不能再多了… 哦… 满分100分的话,0.1832
593,点燃青春理想，拼搏路上与翟潇闻并肩同行，不负青春，筑梦未来。八月九号和,1.0
594,这么看来这片子凉成这样情理之中，毕竟好作品得看人!什么的人才会做出什么样的事，没有对比没有伤害!看着隔壁导演采访什么都是亲自上阵，顿时觉得别人值得! 果然人心中的成见是一座大山，而上海堡垒在山上建了一座碉堡，连上海大炮都炸不掉!,1.0
595,电影咋样我没看我也不知道  但摄影圈的版权意识真的很重要,0.2419
596,0809上海堡垒约起来,0.3456
597,大家好棒！辛苦了！,0.9663
598,“我爱你，很难说，要资格的”期待8月9号上映的电影《上海堡垒》 哇哇明天有主题曲呀  期待 ,0.4982
599,现在整天都是在道歉的，上海堡垒导演道歉、原著作者道歉、官博道歉，期待你的下一次道歉,0.0068
600,拍的烂，水平低，还不让人说了？观众又不傻！！！,0.0275
601,午安,0.8572
602,我没看，我闺蜜去看了，我问她：是微博上恶评冤枉这个电影了吗？她说：不是，是真的烂。,0.3451
603,城市沦陷，人心依然强大。外星文明的入侵下绚烂破败，但无人曾认输。来看《上海堡垒》吧，期待在,1.0
604,这波操作六啊,0.8461
605,超级期待！！！！！,0.168
606,遗憾还是有，不能再多看一会儿我们江洋了，不过没关系，我们还有很多以后,0.5898
607,世界末日 ,0.8402
608,6000万粉丝，还不过亿说明啥，要不都是假粉要不就是连粉丝都懒得看,0.7095
609,就这么短短几行？态度也太肤浅了吧？？？这部电影真的是各方面都烂到极致了  也是不容易,0.0141
610,电影没有网上说的那么不堪 看到了哪一段不喜欢哪一段都感谢收看,0.8921
611,评论来了加油,0.8461
612,本来想着说不要因为脑残粉对lh有偏见，是真后悔。花钱了还不能嘲电影难看了，还要被骂黄泉路人？？,0.0647
613,面对绝境，是选择逃之夭夭，还是选择殊死一搏？感谢《上海堡垒》的邀请，让我们8月9日相约影院，一起欣赏片尾曲中何洛洛的闪耀登场！,0.967
615,非常期待堡贝了,0.8568
616,虽有遗憾，仍不后悔,0.2739
617,啊啊啊啊啊 哥哥 爱你#鹿晗上海堡垒#,0.9687
618,六年磨一剑 只是为道歉,0.2157
619,导演那个道歉声明看不懂吗？明显是指桑骂槐又不敢提鹿晗，为啥，因为没有人家流量高呗，圈外已经得罪了观众，圈内就留点余地，自己道个歉算了，这片子烂了谁背锅大家心里都有数,0.0
621,片子毫无诚意，现在虽然对流量意见很大，但是好片子大家还是会去看，所以片子不好没人买账，靠粉丝抗也去扛不起来，追星的才有几个人，电影这东西看的就是片子整体质量，望电影人周知，。,0.2817
622,上海，人类最后的堡垒；最后一役，关于坚守，关于热爱，关于希望。8月9日，《上海堡垒》携手R1SE唱响热血无畏，让我们到电影院一起感受最后一战，为上海呐喊。,1.0
623,鹿晗1.5亿，舒淇1.5亿，用零头做了电影,0.9211
624,我觉得这部电影有一方面是因为对流量演员的成见而口碑下降的  带着偏见去看电影不会看到这部电影好的地方的  我觉得这部电影太惨了一点,1.0
625,期待和我们一样平凡不畏的江洋,0.9865
627,啊啊啊啊啊啊啊啊啊期待！！！,0.965
628,鹿晗粉丝老说有人黑鹿晗，当时流浪地球上映的时候吴京黑粉更多，票房和豆瓣评分还不是照样很好，只能说是金子在哪都能发光,0.9998
629,？下架就完事了？？？当时的道歉都是给资方的吧？,0.0008
630,洗不白，纵容你就有下一次接着圈钱,0.0489
632,末日降临，世间一片荒凉，人类将最后的希望寄于上海。8月9日，《上海堡垒》全球同步上映，我们电影院不见不散，期待何洛洛在片尾曲MV中的精彩表现！,0.9981
633,所以上海堡垒这部电影到底是怎么回事儿啊我想问问导演是干什么的,0.0193
634,《上海堡垒》是一部爱情片，不把它当科幻片的话，评分会高一点点。,0.9392
635, 朋友们8.9看起来，大堡垒值得拥有,0.905
637,啊啊啊啊啊啊啊我活了,0.9753
638,可能因为舒淇吧,0.5
639,用人家视频的时候不标明出处也就算了，去水印是什么行为,0.1861
640,我简单看了您发的，我觉得很感动！其实我对科幻电影不了解，不论是之前的流浪地球还是上海堡垒，我都未做出简单的贡献，但在默默的地方，有人为中国科幻撑起一片天，我相信，就算像我如此普通的民众还未涉足，但我相信，只要有像您这种不放弃不抛弃的态度，我觉得中国电影还很棒，真的很棒，加油导演,1.0
641,互评置顶,0.3304
642,粉丝有钱就去刷啊，以为是流量呢，一刷几百亿。,0.1121
644,沙雕剧情,0.961
645,我以为这个话题已经过了。今天又上热搜了,0.2208
646,坐等~期待~,0.666
647,看到我自己了,0.5262
648,天灰灰 会不会 让我忘了你是谁 ,0.0081
649,人家为了演军人，发型都差一点弄乱了，精致的小脸都弄脏了，还有打斗镜头，差一点受伤好吗？你们知道人家多努力吗？知道人家多努力才能在头发乱了小脸脏了和各种打斗场面中保持住完美的造型和帅气的吗？,0.9622
650,今天也是道歉的一天,0.1151
651,烂片对中国观众的伤害怎么算？,0.9276
652,午好,0.7743
653,烂片，粉丝再bb没看没资格评论的，你们粉丝有没有看自己没有b数吗？,0.0962
654,昨天刚去排了雷，剧里有个装甲车是五菱宏光贴了个迷彩纸，不知道成本都花哪了,0.7763
655,大碗宽面，鸡你太美，发来贺电：恭喜鹿晗喜提上海堡垒,0.74
656,值得等待,0.6939
658,啊啊啊 期待,0.8568
659,没兴趣预测，根本不关心这部电影,0.984
660,一波未平一波又起啊,0.3606
662,有几个电影票都是手写的,0.539
663,特别行动小队，集结完毕！感谢邀请，期待R1SE何洛洛和《上海堡垒》的精彩合作，祝《上海堡垒》票房大卖！,0.7296
664,我说怎么没有抢版呢,0.3657
666,我们的支持给我们爱的人,0.843
667,啊啊啊啊啊啊啊啊啊啊啊啊啊期待,0.9988
668,说句公道话啊，鹿晗没刘海也挺帅的，他又不是不敢没刘海，他的造型又不是他决定的，电影差，导演有很大的问题，舒淇嘴还对不上，不知是后期改台词了，还是没背台词,0.9975
669,它还在声明说主动赔款，这不是事情败露原作者要求的，如果没人发现这你不就过去了,0.0717
670,他么的，都30大几的人了，还说自己是新人，你说气人不气人,0.0706
672,挺好的 说明中国观众已经不会为了人气偶像买单了,0.9969
673,不负期待！从青涩和疯狂走向成熟与稳重，少年还是对抗世，孤独不曾离开却已学会面对，在8.9上映的《上海堡垒》中体会鼓起勇气的热血和激情吧，为信仰而战！同时也请用心聆听,1.0
674, 期待,0.689
675,这里有我呢，第一次参加活动，很荣幸，很开心，爱你们,0.9981
676,终于来啦,0.587
677,到现在都还有人在吐槽发型的问题，自己没看原著没搞清楚还假装自己很厉害,0.0666
678,主演选错了人 ,0.8728
680,不用鹿晗的话，起码可以增加1分……,0.2623
681,精雕细琢的大堡垒，期待上映,0.6232
683,哇塞  期待  一醒就听到了,0.4735
684,鹿晗粉丝不是挺多的嘛！关键刚看完哪吒和烈火！没钱了,0.9083
685,不要语言伤害任何人，然后流量继续骗钱？,0.0308
686,加油加油加油加油,0.9998
687,刚上就看了 说实话剧情有点乱 不太有逻辑性 台词和演员嘴不太能对的上 以上是差评。好评是 鹿晗的演技完全没有问题 羞涩、勇敢、坚定的感觉都很到位 其他演员也都很棒 特效很不错 3D效果也很好。综上 什么锅都鹿晗背是不是太不公平？,1.0
689, 期待我大堡垒，期待鹿晗,0.7674
690,大家好棒，大家辛苦了,0.9663
691,期待歌手鹿晗,0.829
692,人家电影为了人设考虑设计的发型，非要拿来黑鹿晗。鹿晗现在在高温的深圳顶着长头发拍一个颓废角色，他一直是全力配合剧组的，尬黑他的太缺德了！,0.6908
693,我朋友圈看过电影的都劝我别去，难道他们花了钱就不能说句不好看了？,0.0309
694,dddddd,0.5
695,粉丝在网上喷也好，夸也好，有什么用呢，你们自己都不肯花钱啊，不是粉丝很多嘛，这一个亿全是你们粉丝看的那也才250w啊，实际上你们也不想去看啊对吧,0.1322
698,辛苦了，风大雨大，我们一鹿同行,0.3755
699,哇，期待已久，天籁之音！昨天的首映会清唱就好好听！,0.4831
700,鹿晗造型为什么留这么长刘海 这么长头发,0.9699
701,这种片子，垃圾分类可以分到有毒垃圾类别了,0.0774
702,互评互评互评,0.0089
703,看过的都说不要去花钱看,0.095
705,爱你,0.7483
706,辛苦了！一鹿相随,0.9238
707,哇哇哇！明天歌出来的时候我还没起,0.3593
708,其实我还挺开心的，之前担心鹿晗不流量了，你看，现在一堆骂的，剑指鹿晗，我鹿晗还是时红啊！看过哪吒的我回一句给你们，成见是一座大山,0.9551
709,你要把鹿晗换了，没准票房还可以,0.5825
711,猫眼6.6和豆瓣3.4是一个水平吧，烂到无底线,0.7541
713,鹿晗在我们就在,0.4738
714,期待鹿晗 上海堡垒0809！！,0.523
715,这电影烂在剧情好吧 明明就是对鹿晗有意见是什么电影不好看怪鹿晗呢？？？ 演技不好说什么 实在没得说了就说发型 意思就是你觉得电影不好看在了全程看鹿晗的发型上？,0.0347
716,让这逼去拍电影本来就别想着好,0.8233
718,群众没有义务陪他长大 粉丝更没有义务陪他努力为他加油到头来还是一个扶不上墙的烂泥,0.996
720,是大学生，临时参加战斗,0.8183
722,芦鹅们嗨起来,0.3272
723,啊啊啊啊啊上午八点就可以听了,0.9496
724,看到鹿晗戴帽就想吐，别侮辱军人两个字了,0.0502
725,回复,0.1583
726,鹿晗鹿晗,0.4219
728,能和你相遇真的好幸福 一直都在,0.9906
729,啊啊啊啊啊啊啊啊，炒鸡期待,0.9908
730,鹿晗表现还好 眼神是有戏的 身姿还算挺拔 但缺乏点军人气质 电影剧情有点扯 捕食者都是机器人了 上海堡垒的战士还是肉体凡胎加机关枪 根本不是对手 舒淇披着及腰长发在指挥中心指挥那段是真的TOP尴尬 你可是司令官啊  高以翔全程留着胡子 军人真的可以留胡子吗 导演长点心吧！,0.973
731,就是一部奥特曼打小怪兽的感觉，没有末日的厚重感，牺牲与死亡的思考没有体现出来。这是比较失望的一个地方，再有就是bgm，外星人入侵的时候bgm莫名的激动和欢快，没有体现出人类最后的希望。最后就是剧情了吧，故事背景单薄无力，爱情线可能原著粉可以看懂。当然也有亮点，上海沉没的特效还是可以的。,1.0
734,那得支持我鹿哥吧,0.6018
735,江洋这个人物是大学刚毕业，不是一开始就做了军人，懂了吗？,0.6205
736,娘们儿jiji,0.7394
737,加油！,0.9048
738,啊啊啊啊啊啊啊啊啊啊啊啊啊啊啊啊啊啊啊啊啊啊啊啊啊啊啊啊啊啊啊啊啊啊啊啊啊啊啊啊啊啊啊啊啊啊啊啊啊啊啊啊啊啊啊啊啊啊啊啊啊啊啊啊啊啊啊啊啊啊啊啊啊啊啊啊啊啊啊啊啊啊啊啊啊啊啊啊啊啊啊啊啊啊啊啊啊啊啊啊啊啊啊啊啊啊啊啊啊啊啊啊啊啊啊啊啊啊啊啊啊啊啊啊啊啊啊啊啊啊啊啊啊啊啊啊啊啊啊啊,1.0
739,拿头发说事的看江南小说里的图片，长发。谢谢,0.8063
740,很棒！继续加油！努力继续参加,0.9948
741, 感觉我们安分好多场！,0.5082
745,就算世界与你为敌，我们都超喜欢你,0.9656
746,很开心成为其中一员,0.8156
748, 陈赫知道你们给他安排了另外一个名字叫“关晓彤”？,0.0417
749,辛苦,0.82
750,那是陈赫，嘴积点口德吧，说瞎话没草稿？,0.1304
751,明天轮到谁道歉呢？投资人？,0.4764
752,烂片就是烂片,0.1665
753,营销号带节奏的,0.5656
754,这3天的票房都不够鹿晗片酬的，你说能不疯？,0.1261
755,烂片,0.1816
757,评论里只是想给粉丝补齐九宫格而已啦！多看看帅哥,0.9191
758,可是流浪地球我也觉得不咋地,0.9946
759,快他妈笑死了，你这钱挣得真容易,0.3454
760,鹿大妈在，谁会去看呢,0.1328
761,讲道理，打一星的过了,0.087
762,好的科幻电影？说这句话不害臊吗 好作品谁不支持  就是因为烂才不支持 支持反而害了之后的电影生态,0.7687
763,看完了真的烂，不喜欢,0.4176
764,谢谢，辛苦啦。,0.8585
765,鹿晗：我怀疑你们在犀利我,0.4137
766,不，这个真不可,0.2391
767,不能全选？,0.4925
768, 晚安,0.6486
769,六年磨一剑，只是为道歉！,0.2157
770,一年几度的网友扣锅大赛又来了 放过鹿晗吧 看评论我以为这部电影火爆了 都去看过的亚子,0.3586
771,怎么不放出全视频，明明是和陈赫闹着玩。做人要有点底线吧,0.7315
772,帽子戴成这样，在我们老家就是个二流子嘛,0.9911
773,？？？这话像鹿晗粉丝的控评,0.122
774,好片不用宣传也有人看，烂片再到处跑也没用,0.0089
775,特效可以，剧情不行,0.4081
777,再？ 有钱一起赚？,0.1048
778,难看,0.2857
779,他们是相互喜欢的，太好哭了,0.9724
780,他有认真在凑九宫格哈哈哈哈哈哈哈,0.9359
781,剧情垃圾,0.1833
782,导演滕华涛，大家记住了这个名字吧，亵渎了观众，就要还，这很公平。,0.8521
783,片是烂片，不管谁来演都是烂片，但是导演当时把锅推鹿晗身上真的差劲。,0.1975
784,陈赫：我太难了,0.2587
785,黑鹿晗的人别有用心，希望你们善良,0.9354
786,上海堡垒真的还行！,0.7111
787,不管地球有多乱，鹿晗的发型始终不乱！,0.7487
788, 这次我也在其中,0.5786
789,我一个爆哭，朋友们，这是双向暗恋啊！！！！不是单箭头！！！,0.0175
790,加油，希望堡垒能撑过这波恶意,0.9903
791,太可爱了,0.6663
792,鹿晗其实有点惨 不是说他演这个电影惨 别人演过的烂片一大把 明星云集的澳门风云三 也没人这么狙过演员啊 那个可比上海堡垒烂多了,0.9308
793,为什么没有编剧的问题,0.3333
794,道歉堡垒。。,0.1477
795,网上跟风黑的99%是没看过电影的，为黑而黑，中国科幻电影任重道远，加油吧。,0.9934
796,明明是陈赫！现在的人哦真的是闭眼黑,0.2164
797,没看过的就没有发言权，恶意带黑的简直可怕！！！,0.0791
798,问题这发出来的都是特效片段，电影的内核难道不是故事和演员的演绎吗，让我们去理解啥啊（弱弱地说一句,0.9989
800,百度鹿晗吧 陪你闯天下,0.4989
801,就是这个彩蛋把我朋友弄哭了,0.8936
802,堡贝加油,0.9625
803,哈哈哈哈，装可爱也不能抹去你还欠我们三张自拍的事实,0.6832
804,不是电影团队也不是鹿晗说的，人自己心里咋想咋说，咋的你不认同还要把人嘴巴堵上不让说吗？？怎么你比刘慈欣还牛逼？？？,0.0061
805,剧情有点无语，母舰来的次数过多都麻木了，一些剧情分配的时间也感觉不太舒服,0.3357
806,中午看了特赦1959，里边蔡守元上吊自杀，被救了回来，战犯管理所所长吐槽到，现在想起来要死要活了，早干嘛去了！,0.2757
807,买票去电影院看的才是受害者,0.3353
808,那是陈赫捏的,0.4738
810,盗号者真厉害发的都是电影特效镜头，这盗号的是鹿晗粉丝吧，不然怎能如此意难平。,0.9679
811,可能是因为台风的原因吧,0.4844
813,彩蛋一定要看，很感动,0.9422
815,鹿晗哥哥真的太可了,0.9257
816,我觉得刘慈欣说得对,0.9777
817,不知全貌不予评价,0.0294
818,是不是资金都用在主角的片酬上了,0.9442
819,这片子不能怪鹿晗，是拍的太垃圾了,0.0512
820,我觉得电影不错呀,0.9578
821,因为是不好看的电影……停，不想看空瓶洗地几连“看过没？”——不是非要吃过屎才知道屎是臭的……“你行你上”——作为“演员”贡献出让大众（不只粉丝）满意的演技是他的义务，只要他想从我们这里拿钱。,0.9913
822,烂，剧情剧本等于0，看了一半走了掉。还有，坐最后面一排玩手机的女生，瞪我？！？姐妹劝你善良，刷票就算了瞪我？你想干什么？我好歹还贡献了票房,0.9359
824,双向暗恋,0.6695
825,哈哈哈哈哈哈哈他好逗啊啊啊,0.9832
826,大刘说的挺中肯了 只不过又被媒体抓标题吸引眼球  有一说一 虽然烂但是上海堡垒确实有被负反馈的导向啊 不过就这剧情也别怪观众骂了 但凡剧情再硬一点也不会是现在这样 不过确实是我国需要大量这种科幻电影才能积累经验,0.5562
827,为什么是演员背锅？？？？你们有认真看过吗？？,0.4017
828,就冲这海报，看的欲望都没有,0.4552
829,就这个剧情和逻辑，跟鹿晗没啥关系，换吴京我依然觉得是烂片，在影院看的我一脸懵逼，毫无逻辑的一个电影，不知道导演想表达什么,0.9595
830,陈赫：我爸妈都不知道我啥时候改名了？？？,0.0048
831,得了吧,0.5262
832,感谢上海堡垒让小哪吒再一次冲击票房记录，真心感谢。,0.982
833,电影首先要有个完整的世界观，然后在需要足够的情节剧情来撑起整个世界观，再之后需要足够的细节来使情节更自然，更真实，这部电影，大背景有是有，其他一言难尽，，，，boom,1.0
834, 芦苇陪你闯天下,0.7684
835,上海堡垒一定要加油呀！共同努力！,0.9098
836,我相信马上我们就有机会跟他互动了！！！,0.7161
837,鹿晗及鹿晗粉丝接受批评  但请不要人身攻击  鹿晗也会继续努力带来更好的作品,0.9406
838,演员片酬太高，导致影片制作费用不够，。,0.9019
839,哈哈，看来片方没花钱找你写舔评,0.0088
840,这不是关晓彤！！这是陈赫发的微博！是陈赫的手！！麻烦别蹭热度！！,0.0025
841,我是被这个电影气哭的。我花点钱看电影容易吗？就给我看这？,0.8751
842,我记得猫眼不是看过了才能评分吗？？？,0.0591
843,来膜拜一下大佬！,0.9153
845,我看完电影再看,0.8824
846,按电梯那段太妙了,0.6514
847,太逗了太逗了,0.0249
848,凭什么和流浪地球相提并论？,0.9844
849,为什么那么多人说是演员的问题(O_O)？即使换了别的演员，这评分也不会好到哪去,0.9313
850,看来还是有敢说公道话的,0.4475
851,你们开心就好，但是不要骂人喔，会显得你很没素质。鹿晗加油[加油][加油][加油]你的人品大家都看在眼里，你一直很优秀，永远爱你,1.0
852,这是陈赫捏的,0.4738
853,大哥们，用脑壳想一下，3.6分是什么概念，就算有人抹黑鹿晗或者是恶意评分，也不会这么低好不好，特效再好有什么用，阿修罗不就是一个例子，不好就是不好，何必去包容呢？这样也当给国产电影一个警告。,0.0332
854,我觉得剧情很糟糕，演员演技一般，特效还好的。,0.9928
855,的确烂,0.1957
856,陪你闯天下。,0.577
857,很好看，特效演技到位，明天去看imax[加油][加油],0.9997
858,堡贝加油！鹿晗加油！,0.9944
859,我哥18宫格了解一下,0.7364
860,鹿晗说了接受批评，反正没有人是一帆风顺的，总会有各种坎坷,0.4076
861,太不真实，地球靠小鹿，不靠硬汉，跟投降没区别,0.7384
862, 你看,0.5875
863,这事还真不怪鹿晗，是从原著开始就不太行。,0.0452
864,那是陈赫,0.5
865,我寻思鹿晗的重返二十岁分也挺高啊？烂就是烂，说别人打一星之前是不是要想想六千万粉丝在打五星呢,0.0312
866,yxh收了多少钱呀，给我点我也可以这样说,0.0339
867,披着科幻的言情,0.9797
869,明明是双箭头，却因为战争和人类存亡，还有好多好多原因，都没有说出口，让我哭死吧,0.9622
870,希望哥哥多互动啊 不要让微博死死地,0.9906
871,带着好奇，我看完了，最后发现，低分不是没有道理的,0.8199
872,虽然对演员没有特别好感  但是最算让吴京去演  这剧情 也就是这样了,0.9938
873,之前说特效不好剧情不好可是说个人能力问题但是这个....就是态度问题了吧……,0.142
874,烂就是烂,0.0353
875,是陈赫，能不能不要随便造谣,0.287
876,emmm 心血和努力不否认 可是没演技 让观众无法投入也得怪观众吗？,0.9997
877,好了不要吵了，他们说的都对，鹿晗永远最棒，电影真的好看，没人看是大家都眼瞎没品位，票房上不去是因为中国人不会明辨是非，只会看什么烂片哪吒，才不支持鹿晗的新电影的…,0.999
878,其实还可以，几位主演其实都OK,0.5904
880,这是片方没信心了，把彩蛋都放出来吸引观众么？…,0.8696
881,好好睡，晚安。,0.4214
882,暖心又可爱,0.9654
883,全网都看过的烂片，票房咧，猪吃了？狗吃了？,0.7517
884,明明是小鲜肉经济病态的原因,0.3795
885,中国科幻反面教材,0.9822
886,看过重返二十岁和我是证人，觉得他演的挺好的！,0.7477
887,这是陈赫好嘛！男人的手那么明显。,0.7603
888,？？？？？？？？？？,0.75
889,能不能不要国产科幻情怀绑架？特效没问题，但没有剧情演技依托的特效有什么用？一部电影讲整体，能不能不要单单拿一个方面说事，避重就轻，请分清主次，先进的特效技术只能说是华丽的外衣，是辅助手段，你脱掉这层表象，还有能让人深刻的内在吗？我冒着台风暴雨去看的电影，心情还没在雨中撑伞的起伏大,1.0
890,单纯对这部电影来说的话 与演员无关 特效可以每个演员也很努力很棒尽自己最大力来演好自己的角色 这本没错 怪只怪在这部戏真的完全没剧情没故事性 给人的感觉就是一群在打一群蜘蛛,1.0
892,彩蛋真心泪奔了,0.9809
893,堡贝很棒啊。真的很棒。不要怀疑自己，相信自己,0.982
894,啊啊啊啊啊啊啊啊啊啊啊啊啊啊啊啊,0.9997
895,当然是导演啊，演员的表演导演觉得ok了才能通过,0.994
896,不如改成道歉堡垒,0.0766
897,资本真的很可怕，不管是上海堡垒还是少年的你,0.9986
898,这手也不像好吧,0.5468
899,流浪地球上了国产科幻的巅峰，又被这玩意给拉到谷底了,0.9996
900,还黑子黑 我寻思吴京没被人黑？ 战狼和流浪地球评分怎么样？别问 问就是对家黑 太惨了,0.9995
901,时间会证明一切，一部电影要靠流量明星的粉丝来维护的时候。。。呵呵，别问，问就说鹿晗奥斯卡影帝,0.8875
902,支持鹿晗[加油][加油][加油],0.9986
903,被说了 彩蛋让我哭死,0.3393
904,看这个真的心碎了！泪洒电影院,0.9815
906,鹿晗与粉丝接受所有批评与建议  但是不希望大家上升到人身攻击  这部电影已经早就下映了 2017年拍的电影 作为演员鹿晗还有很多不足与进步 但是希望大家能够理智看待 不要再说些鹿晗不敬业 不剪头发的话 解释过一万次没人听 希望能让我们好好跟江洋告别 ,0.9994
907,熬夜致歉？？为啥要突出熬夜呢？你知道他是熬夜？不是公关团队熬夜？还是你在他旁边？既然是道歉为啥要突出他熬夜这一点呢？难道道歉不应该及时？还应该让他去威尼斯渡个假回来脱了衣服泡个澡再睡个觉心情好了再道歉？？？道歉就是道歉，不要突出自己的辛苦度。感觉让你道歉还是委屈你了一样。,0.0
908,有小鲜肉，能不烂吗,0.4763
909,墙倒众人推而已，你们也就只会盯着鹿晗了,0.0991
910,哈哈哈哈哈笑死我了 你给陈赫改名了,0.6357
911,是鹿哥粉丝，但绝对不无脑捧。这部电影因为鹿哥去看，但要不是给了钱，我看到一半就想走。真的感觉一直在纸上谈兵，请问上海堡垒你是在侮辱我的智商吗？,0.0141
912,上一次是《逐梦演艺圈》也这么疯,0.7657
914,真的不好看0.0,0.6796
915,你是一个让我感觉有血有肉的官方账号，是真的有感情有热血的账号，这也让我感觉得到你们有多想把这部影片做好。昨天我保持高度理性看完了整场电影，理智的去分析影评各个方面的优劣，下一次我会让我的感性尽情的去享受这份来自两千余人六年多的热情和心血。无论如何，从无到有最是难得，谢谢你们。,1.0
916, 太可爱了,0.6663
917,像女扮男装,0.9118
918,没有全选选项……,0.6499
919,主题海报设计的都有问题。投资了几个亿的电影，海报就不能用点心吗？,0.9135
920,一是电影本身拍的就很烂。 二是主演鹿晗，如果没有那张戴帽子的剧照流出来，或许还会好点。,0.9851
921,我就感觉鹿哥太可爱了，陈赫嘛不管，鹿哥开心就开心,0.8503
922,这钱脏,0.5
923,就是有你们这群黑子才这样，就这么嫉妒鹿晗,0.7428
924,有进步空间，说烂片不至于吧？,0.6338
925,辛苦啦  ,0.82
926,我哭了，,0.7049
927,  回头笑+按电梯+偷看他+郁金香——感情戏真的少了,0.9792
928,可可爱爱了,0.9189
929,我是看了这个电影的  不能说电影很烂吧   但是让我进不去不想再看下去是真的  整个故事镜头切换是混乱的  所以导致我看不懂 看不下去  每个人发声很正常  但我也希望不要跟风 用自己的感觉去判断 用真实体验过后的感受去评判,0.3566
930,我肯定选那个沙比呗,0.6562
931,给大家讲个笑话：鹿晗拯救世界！！！！,0.6541
932,收钱了？,0.0884
933,？？？？造谣石锤了吧！,0.1319
934,世人皆知道理，但随波逐流，偏见难免。做好自己该做的，努力会被看见的,0.9966
935,?所以到底是科幻还是披着科幻皮的言情?,0.9899
936,没看过，但是听说鹿晗演的还OK就是剧本很emmm,0.5228
938,下午刚去看完电影，这段我们学校教学楼拍的,0.9957
939,只有粉丝支持是没用的，粉丝支持不起来票房，从上映最初开始口碑就已经败了，已经过去一天多了，负责这块的团队如果没拿出对策来，过了这两天别人也就没有兴趣了，现在推鹿晗的热搜是吸引不到潜在观众的，能被吸引的已经去看过了！,0.999
940,18宫格 指日可待,0.7364
941,鹿晗粉丝都是假的 一人买一张票的话也该像海王漫威发官博似的都得破好几亿了,0.1565
942,肯定是全部啊！,0.4866
943,以许明天优酷可以免费看了,0.9726
944,群众眼睛是雪亮的,0.2949
945,你可真有想象力,0.5165
946,打一星的都是黑子,0.1993
947,在？有钱一起赚？,0.1561
949,彩蛋看的快哭死,0.7221
950,大堡加油,0.8953
951,鹿晗:我太难了，九宫格都凑不齐，又出了十八宫格,0.8322
952,总之，这部剧演员背下了锅，一声没吭的背下了所有的谩骂恶评和指责，时至今日仍然是一块黑板擦，不管什么事都拿他来擦。所以，演的好也罢，不好也罢，电影好也罢，不好也罢，该骂的都骂了，他也没吭一声的都承受下了，翻篇吧，距离上映已经近3个月，不好就让它安静躺在棺材里吧，看别的去吧。,0.476
953,应该全部都有问题吧,0.5512
954,NONONONO，电影跟鹿晗一样烂，不分伯仲，比翼齐烂，臭味相投，相得益彰,0.3592
955,你有病吧,0.4429
956,额..这剧情烂成啥样没点b数吗 这电影最多打6分,0.0231
957,要我讲实话吗？我喜欢里面的明星，冲着明星看，尬台词，尬剧情，尬演技，尬特效，真的好尬，内心毫无波动看完，没有感动搞笑震撼，真的，我看了3次哪吒2次烈火，这个我一半都看不下去。,1.0
958,大吧辛苦啦！,0.8234
959,我看了，真的很好,0.8651
960,大堡垒加油，希望你们能采取有效的措施，我们都不想这么优秀的影片被恶意埋没！,0.9413
961,老鹿，你难我们也难啊，等你出关多久了,0.1006
962,这年头说一个客观评价都不行了，这也要杠怎么不去为国家建设做贡献呢,0.1074
963,只能说你看人家易烊千玺演的少年的你，为啥没人喷，因为人家演的确实好，还改变了很多人的印象,0.7167
964,多少钱啊??发这一条能给你多少,0.1647
966,花絮里还有很多没放出来的情节，真是可惜,0.2847
967, 如果能回到最初，我还是会郑重的写下 上海堡垒。如果能回到当初，希望我能有勇气说出那句话，不留遗憾！,0.9653
970,烂片烂片烂片,0.0088
971,林澜她居然在等江洋呀！！！太好哭了 什么末日爱情,0.4818
973,在影院真的看哭了,0.8487
974,才上映第二天，双休日排片都降到15%，还热映中。。。我看你们做好提前下映的准备吧。,0.0387
975, 百度鹿晗吧 陪你闯天下,0.4989
976,百度鹿晗吧，陪你闯天下[加油],0.8949
978,好好睡，晚安,0.4214
979,我也在呢,0.5262
981,大家真好,0.6597
983,鹿晗究竟擅长啥？感觉怎么是啥啥也不行呢……可怜可悲！在过几年是不是越来越糊了，唉……白瞎这张帅脸了……怎么感觉现在归国四子里他混的最差呀？,0.3651
985,没鹿晗这电影宣传少就这破剧情和剪辑压根没啥人去看吧，我空间原著粉都说剧情被改的乱七八糟特效还行演员演技也不错,0.5415
986,高老板上线,0.5452
987,comment with pic.原来是真的可以买热搜！！！！,0.0522
988,一鹿相伴,0.5745
989,其实这部电影还是挺棒的啊 大家如果去电影院看了的话就会知道其实蛮好看的,0.9734
990,。。。可是片子就是烂啊,0.2968
991,那些粉丝再怎么控评也改变不了上海堡垒就是烂片的事实，还不如自己花钱多看几场来支持自己的偶像来的实在,0.7504
992,  帅出天际,0.9346
993,可是这又关你什么事 热搜那么多 你一个个挨着怼呗,0.0268
995,您们文案为何如此统一,0.9826
996,上海堡垒这次确实是死亏，不过导演能清楚认识到自身的不足，说明他还是位优秀的导演，六年磨一剑，人又有多少个六年了,0.9826
997,采访一下：被爱豆关注有什么想法？,0.9498
998,别看。。比掉了钱还难受,0.0911
999,3.6亿成本不算宣发，亏到姥姥家,0.2573
1000,人群中一眼万年的感觉,0.8298
1001,怎么你这那么多评论哈哈哈哈,0.7925
1003,本来以为只有这里差一点吧，后来发现哪儿都差，也不一一针对了，反正这部电影对于我说，白等两个月,0.0018
1004,首日票房7000万，第二日票房2000万刚出头，而且还是周末。这说明什么？,0.935
1005,今天去看的都是英雄，包括我！真爱了,0.9944
1006,电影是不错的，yxh做做人吧,0.9874
1007,为啥我觉得还行.........,0.0797
1008,我激动的都艾特错人了,0.8985
1009,我查了我们这边5个影院，3天的排片，一个人都没有。,0.2618
1010,去看哪吒路过上海堡垒，上海堡垒里面才2排人，哪吒几乎满了，就前三排没人，路人还是比较清楚的。,0.1499
1011,告诉我你们都有谁在的，报个名哈哈,0.6381
1012,瞎说什么大实话。然后。热搜排行榜除了第一位。其他的都可以买的,0.0007
1013, 新专辑继续加油,0.9336
1014,导演加油，其实电影是舆论真的有被恶意引导，很多地方都很可圈可点的，包括特效其实能看到国内的高水准，但是在不同影院环境出来的效果会差很多，另外以后可以多注意一下剧情的把控，感谢你的付出，一切经历都是经验，加油,1.0
1015,烂而不自知，寥寥可数的特效分钟，爱情与科幻结合的支离破碎，多处剧情完全像睿智一样，演技出戏，装扮迷离，令人无语，还各种刷分控评呢，服了,0.7819
1017,上海堡垒虽然让大家有点失望但是我感觉还是很不错的，敢于尝试和挑战了，有过错可以改,0.964
1018,你是高高的博物馆,0.9742
1019,我觉得他的造型师应该换了，每次出现都是……,0.5059
1022,哼哼哼，某些人啊，连电影都没有看过。就刷一星。不昧良心吗？,0.1279
1023,哈哈哈哈 急眼了,0.7907
1025,没了,0.3539
1026,舆论太可怕了，导演加油勇于去挑战的人 无论最后的结果怎样 都值得被尊敬 ,0.9954
1027,emmm怎么说呢，这电影不至于这样，但是剧情真的不咋滴，特效可以，6.7分吧，被搞一下就成这样了,0.388
1028,不是，就算喊不动路人，但他那么多粉丝一人去看一次，都回本了啊。。。搞不懂，那么多粉丝都是假的吗,0.3456
1029,建议你再截一张图对比，免得明天有人说你造谣,0.0151
1031,这部电影我觉得很好看啊，为什么说是烂片？,0.9379
1032,操控？？？我的朋友圈所有人都是差评哎~这咋操控,0.0967
1033,哈哈哈哈哈哈烂片立牌坊,0.9654
1034,科幻大片《上海堡垒》的上映过程，正如孔乙己进了酒店，所有人都等着看它的笑话，所有人也都看上了这个笑话。大家都乐在其中。不知道最后的票房够不够lh的片酬？ ,0.5865
1035,这不是鹿晗ID吧鹿晗以前说过自己ID的....,0.0012
1036,讲真，这片问题出在节奏，而且定位不明，又想讲爱情又想讲打仗，一部电影时间就那么长，没有搞明主次直接简单粗暴搞成爱情打仗五五分的后果就是爱情没时间拍细腻，打仗没时间拍爽快，导演确实该反思,1.0
1037,幸福了调调,0.5751
1039,真的很羡慕你们，还见过他真人,0.9985
1040,我寻思这不是正常操作吗，平时也有各种广告买热搜放在前十上啊。最上的右上角不是有广告俩字吗？,0.0197
1041, 太棒啦,0.9006
1042,电影真的不怎么，鹿晗还是先提升一下演技吧 ,0.9706
1043,我觉得制片方一直就是想走流量路线呀，从选剧本（走流量）选演员（走流量），做出的电影差强人意，真的是上映的时间真的不对了。,0.9278
1044,反炒？,0.3729
1045,看了 但这个剧情真的一言难尽,0.6682
1046,粉丝能不能滚呀 恶心死了,0.0401
1047,真的是烂片啊,0.5859
1048,被上天眷顾的幸运儿，我相信你也是很优秀的，才能让你的爱豆从人群中找到了你。,0.9998
1049,朋友圈都刷说 看睡着了 所以就没去 我朋友圈可没水军啥的 都是认识的朋友同学亲人！不是谁的粉 好看必须去看支持国产电影 不好看 肯定不会去的 现在挣钱不容易吖,0.6601
1050,图六,0.5
1051,救命 热搜三五六基本都是广告位不是很久以前就开始了吗,0.2909
1053,还是找些中流砥柱来演比较好,0.5841
1054,哈哈哈哈哈哈哈哈哈 收钱开始洗了,0.8407
1055,真是烂片啊，流浪地球开启了中国科幻电影的大门，上海堡垒把大门关上了，把钥匙还用大炮打飞了,0.9993
1056,烈火英雄,0.9866
1057,评论清一色感觉电影还不错什么演员也很难过，这跟他打游戏有关系吗……,0.9999
1058,没有这么差的,0.1405
1059,高高关注你了，羡慕呀,0.995
1060,就不能只专注歌唱和综艺吗？,0.9043
1061,帅啊,0.9333
1062,这不是重点 关键是这样一部电影 午夜幽灵场还是满座,0.933
1064,就是有了《流浪地球》做对比了以后，就觉得真的看着没意思。,0.9929
1065,烂就烂  芦苇姐姐不急了。。累  但你说烂是因为鹿晗  那您先少敲点键盘  少喝点高热量的东西 用一杯奶茶钱去看看  跟鹿晗自身原因有没有关系 闭眼喷流量没有必要 也不会显得你这个不喜欢流量的多高级,0.0175
1066,昨晚看的,0.5204
1067,打游戏就打游戏 电影烂怪导演编剧 又不是演员的锅 的游戏也要管 佛了,0.99
1068,没有那么差吧,0.1405
1069,遇见你真好,0.8397
1071,买再多热搜只能让更多人知道这部电影很烂，猫眼票房预测从3亿到昨天的2亿到现在的1.38亿，凉透了,0.9042
1073,不管别人怎么说，反正我觉得挺好的！,0.4853
1074,看到图片了  有人策划买差评。。。 有必要这么黑暗嘛   什么人啊这是,0.3609
1075,鹿晗真的真的太不容易本来情节就上不去，全靠鹿哥撑着最后背锅一切，我觉得演员没有错，关键在于导演情节安排，准备那么多年，没有大突破现在还得鹿晗站出来，勇于承担起这份责任他招谁惹谁了人心中的偏见是一座大山，这么好的脾气，真让人心疼啊! 本来也不是他的错为什么还得他站出来认真的回答质疑,1.0
1076,：看了上海堡垒我他妈后悔啊！你还不能说不好看，不然一堆人骂你，那行我就说这电影前无古人后无来者，超级棒，那LH那演的打破了以往对军人硬汉的传统形象，带给我们的是清丽奶萌，还要表扬化妆师，负伤炮轰画的妆很到位，LH演技得到充分突破及肯定，这样表扬可以了吧！,0.9999
1077,鹿晗的演技还是有待提高了啊 这次的电影的确不如人意啊 希望可以认识到演技态度这个问题,0.791
1078,我带两个孩子看了，孩子说很好看，我觉得还可以，有时候不能太严苛,0.7025
1079,然而唱歌跳舞也不可哈哈哈年纪大了惨的很,0.9551
1080,这套太好看太休闲啦，超级喜欢,0.7573
1082,因为有你，我们一直都在,0.5512
1083,以前哪个电视剧有个情节，洗澡像女人一样捂胸口的是他吗？拍gay片挺合适的。。。,0.5045
1084,哈哈哈,0.8684
1085,舆论真的是网络暴力,0.8174
1086,棒棒[贊啊],0.9967
1087,关注了不代表就是粉丝。 我们的钱也不是大风刮过来的。,0.3589
1088,八月 我也在广州啊 感谢你来过❤️,0.621
1089,居然比我lpl春晚还高一位,0.3364
1090,百度鹿晗吧  配你闯天下,0.3756
1091,还会怕没接到戏？人家有关晓彤这座大山呢,0.7379
1092,没看过不评论,0.1765
1093,就这特效98年的天煞都比这强！,0.04
1094,上海堡垒难看到什么程度...看完出来后觉得鹿晗唱歌真不错。,0.6276
1096,看了那么多电影，第一个让我看着睡着的片子。,0.8945
1097,最好的高以翔 很开心在机场见到你,0.9505
1098,一个亿的粉丝一人买一张票30块钱这票房都蹭蹭蹭上来了呀，这些粉丝是假粉哦,0.2572
1099,感谢江洋在这个夏天给予我的惊喜,0.9727
1100,没他粉丝作，估计也不会这么惨,0.3016
1101,各方面都很烂，但烂得很均匀，很舒服，并不会有那种突然辣到眼睛的感觉，你甚至有时又会惊叹于导演和鹿晗为这恰到好处的烂所做出的努力，不禁击节赞叹，以为妙绝，可以说烂出了电影的黄金比例 鹿晗演出了他的正常水平，是《择天记和《甜蜜暴击》的平均值，鹿晗多年对演技的打磨，终于接近横店群演水准,1.0
1102,流量的反噬期渐渐来了,0.6268
1103,遇见了你才知道什么叫永恒,0.9669
1104,我看了，差点出来,0.3624
1105,想知道图一同款耳机。。,0.5487
1106,所谓的芦苇姐姐们，也就在微博控评撕逼的欢，真要真金白银拿出来顶票房的时候，就莫得影子了，当然微博控评的里面保不准还有花钱请的水军╮(╯_╰)╭微博6000万粉丝，结果票房才多少？就算按照猫眼预测2个亿全部都是粉丝买的（当然不可能，个人感觉被骗的科幻粉和猎奇众都比粉丝多）,0.998
1107, 好棒[加油][加油][加油],0.9997
1108,鹿晗本来就是唱歌出道的，非被拉去拍戏，现在好多电视剧和电影的卖点在于让人感觉真实，带入感要有，但是很多艺人拍戏的时候放不下偶像包袱，即使你有很多很多的粉丝，但戏没拍好，观众还是不买账，毕竟大多数人还是理性的。所以啊，粉丝多少不是定量票房好不好的重要因素,1.0
1109,打感情牌，，，，支持的人别光嘴巴支持，，多去包场，，才是最大支持。,0.0155
1110,感觉这电影，特效不错，演员也不赖，就是没啥内涵,0.9975
1111,每个人看法不一样，不要过于自责,0.1937
1112,恭喜恭喜小調,0.9021
1113,帅高,0.9604
1115,支持博主多去包场看，让票房高起来，毕竟鹿晗的粉丝们也不愿意浪费钱为爱豆买单啊，浪费那钱去电影，是排骨不好吃还是火锅不香,0.0369
1116,是部纯粹的烂片 抛去演员  自己本事就不行   说你是科幻片吧特效不行   说你是爱情片吧感情强拗    别急眼 虚心接受吧,0.9724
1117,真的不至于骂成这样啊,0.1952
1118,[带着微博去旅行][带着微博去旅行][带着微博去旅行],0.9864
1119,加油加油！大吧辛苦了！鹿饭辛苦了！,0.9992
1120,一开始不打科幻这个口号可能好点,0.2919
1121,心疼大堡,0.5321
1122,帅帅的高boss,0.9964
1123, 风大雨大，我们一鹿同行！,0.1279
1124,上海堡垒这个片子，真的挺好的，演员的演技十分出色，虽然是配音，但是对上的地方特别多，最需要夸赞的就是特效，相当震撼。推荐大家去看看。毕竟，冤枉钱不能我一个人花。,0.9995
1125,没错，这就是烂钱,0.0427
1126,命中注定遇见他,0.9982
1127,❤️❤️❤️,0.5
1128,￼鹿晗 看一场《上海堡垒》需要多少勇气？需要积分，请互评！,0.1238
1129,每个人都应该有自己的定位，鹿晗如果喜欢表演，是不是可以学一下，哪怕是自学呢，艺人不是非要全面发展，暴露了自己的弱点，又毁了自己的名声，何必呢，努力自己擅长的不好吗？如果真的热爱表演这么多年了，也没见有多大进步呀，是本身不努力，还是不适合呀,0.9946
1130,真心难看,0.4476
1132,可以确定了，鹿姑凉的粉丝都是假的，,0.6686
1133,因为很多人说这是烂片  所以可能太着急了,0.1833
1134,每一次的守候都只为那颗最亮最闪的星  无论未来会怎样  我们依然永远都会在   ,0.9585
1136,脑残粉们，快用你的爱去撑票房啊，或许还来得及，怎么的也得十刷吧,0.9913
1137,所有的遇见都是命中注定,0.988
1139,不要说了，说多错多，让黑们自嗨吧。,0.0653
1140,最美遇见,0.9508
1144, 加油 一鹿前行,0.9251
1147, 大家辛苦了[給你小心心][給你小心心][給你小心心],0.0846
1150,我也想吃,0.5367
1154,加油回评,0.7038
1156,透哥字一如既往的好看,0.9098
1159,至少还有你,0.5425
1160,微博上全是五星好评,0.5309
1162,刚刚那张忘记截id了,0.38
1163,小声逼逼：太久没写字，真的飘的厉害，得多练练了,0.7767
1164,我忘了,0.5497
1165,字好好看呀,0.5758
1166,百度鹿晗吧  陪你闯天下,0.4989
1167,积分互评呀,0.0673
1169,看到鹿晗就知道电影是啥货色了,0.899
1170,Day10 “林澜 江洋喜欢你”,0.8346
1171,粉丝也挺自豪呢,0.9785
1172,超级帅气,0.5139
1173,我什么时候拥有鹿透的字,0.8341
1174,三巡再会,0.4992
1176,还我电影票钱,0.3544
1177, 就这阅读理解能力和素质还考研呢。？操行评定过了没呢,0.9878
1180,Day175   打卡,0.4738
1181,周一快乐,0.9429
1182,同框笔同框书怎么就写不出同框字嘞,0.0489
1185,上海，成为了人类最后的希望，也是最终的战场。,0.9781
1186,脸疼不疼,0.0778
1187,熟悉的笔熟悉的书，但我写不出这么好看的字,0.9462
1190,Day184,0.5
1191, ？看看,0.5262
1192,想要透哥的字 好好看,0.5678
1193,今年计划回家工作了，也没留在济南，也没兑现跟朋友的承诺，但好在赶上了首映最后一场，不遗憾了,0.3836
1194,月白与风清，山戴与川行，你眼中的风景明朗赤城,0.6651
1195,打卡,0.5
1197,哇瑟，鹿透这个字。,0.7792
1198,只有你值得我喜欢,0.8646
1200,哪个姐妹能把这个视频做成动图的！,0.8705
1202,字太好看了,0.483
1203,前排打 call,0.3104
1204,你住在我心里,0.3961
1206,姐妹可以啊！！,0.3137
1208,同款笔但是没有同款字,0.4984
1209,加油加油，大家很棒了,0.9996
1211, 灰鹰小队江洋，随时待命！[加油][加油][加油],0.9997
1212,这可是你们哥哥自己笑着说的哦，没人逼他说出这些话哦,0.9511
1213,做梦都想拥有的字,0.9164
1214,风大雨大，我们一鹿同行！！！,0.0332
1215,你值得被珍惜,0.9633
1216,ka,0.5
1217, ？人呢？你id第一个字了？,0.5141
1218,突然感觉有一丝沉重！“如果到了世界末日，但愿我们还都能相信爱情！”,0.9997
1219,辛苦了~,0.82
1221,哇哇哇，厉害了,0.3358
1222, ？,0.5262
1223,好棒,0.875
1224,你是远方星球的引力，所以我潮汐不止，百度鹿晗吧，陪你闯天下,0.9806
1225,这本书我熬夜看完的 看电影的时候睡着了,0.9572
1227,好看哎,0.7112
1228,艹哈哈哈哈哈哈哈哈哈哈哈哈哈哈啊哈哈哈哈哈笑疯了,0.9999
1229,字好看，这点一点都不随爱豆,0.4834
1231,连载先停一段，江南这是不要脸了，他之前也不更新呀,0.5998
1232,互评一下吧,0.1822
1233,谁也QQ音乐打榜链接。我怎么找不到打榜的了,0.6655
1234,是我们哥哥在努力,0.9804
1235,说得好像粉丝没有刷好评一样,0.122
1237,我靠 这字也太好看了吧,0.5113
1238,啪啪打脸,0.1482
1239, 哇，字好看！,0.6644
1240,辛苦了，你们真的好棒,0.976
1241,李家特色,0.6197
1242,我希望中国电影不是看什么赚钱就跟风拍什么，而是拍出自己的想法，拍出自己的风格，让我们看到不一样的灵魂。就像国漫，我不是因为哪吒火了才关注的，从大圣归来开始，那时候国漫需要众筹。到后来的风语咒，白蛇缘起，未来机器城，再到哪吒，每一部我都看过，他们风格各异，但都让我们看到了其中的用心,1.0
1244,回评来啦,0.2174
1245,真的一个暴哭啊,0.7208
1246,恶心心，本来就是想靠流量明星来捞一笔钱而已，礼貌代表演技？是不是上海理发店没麻药所以不能剪头发啊！流量是原罪吗？流量就是原罪。本来好好做他歌手谁管他，看着演员有钱就跑来了。不骂他骂谁？,0.9824
1247,而你在这里，就是生命的奇迹,0.9698
1248,好看,0.7112
1249,这耳光真响,0.4738
1250,恭喜,0.75
1252,封神榜雅座有请,0.6776
1253,哈哈哈哈哈6到飞起,0.8441
1254,#鹿晗[超话]##电影上海堡垒#    ,0.1403
1255,姐妹！去年生日鹿晗吧发的那个福利活动你还记得吗！,0.9841
1256,想要参与报名的近这个群 ,0.915
1257,这个电影真的，从幕后到台前都,0.6496
1258,互评置顶谢谢,0.3964
1259,加油加油！！！,0.9501
1263,哈哈哈哈哈哈哈哈哈,0.9957
1264,一样的书一样的笔,0.5863
1265,别拍龙族！,0.5
1266,解解我刚看到你给我的回复就发现原评论已被删除,0.0043
1267,我当时怎么就没想到呢,0.4106
1269,大连报道  去哪里报道,0.9568
1270,哈哈，没事的我又没有等过，也没打算看,0.311
1272,早安来回评啦！加油！,0.8455
1273,是哥哥自己的实力,0.9942
1274,我不怕来不及,0.5
1275,我拖后腿了,0.0643
1276,字好好看,0.5758
1277,主创人员态度都很端正。,0.2855
1278,流批,0.4268
1280,想不到我们阳江也能拥有姓名,0.1376
1281,知道三体为什么不上映了吧，拍的不好怕被骂。,0.0576
1284,我哭，希望宝贝的好能让全世界知道！,0.956
1287,謝謝大家,0.4738
1288,坦然面对努力改进加油吧！毕竟谁不想拍好自己的电影呢,0.9994
1290,导演六年的投入，第一帧都在电影里面看到的，希望大家都可以客观评价，至少是看过电影的，三人成虎的营销太可怕，,0.9811
1292,回评来了,0.3595
1293,感人,0.9512
1295,上海保垒,0.4297
1296,看哭了,0.7539
1297,看过电影觉得最大的锅就是他了，特效还好。剧本超烂。虽然不至于三分多。但也就五六分。这还是看在特效烧钱的份上。情节太烂了。其实鹿晗还好。但是倒是把锅背了。江南真的没有编剧的才华。还是安心小小说把,0.4039
1298,鞍山的看过来,0.7195
1299,片子我还没有看，但是看到刘海儿军人真的胃口已经没了95%,0.8702
1300,就喜欢他笑、他开心,0.9316
1301,互评互评,0.0428
1302,鹿晗反黑永远靠自己,0.6409
1303,完美男神。,0.8076
1304,大吧辛苦了,0.8234
1305,一部电影其它先放一边，最关键得讲好一个故事。显然，堡垒没讲好。,0.9621
1306,还可以参加嘛？!,0.4772
1307,流量明星还是去拍综艺和偶像剧吧，电影市场都是真刀真枪干的，流量明星玩不转,0.9979
1310,刚刚同事看到我看预告问我，这是星球大战吗？这么厉害,0.6245
1312,欢迎大家积极参与,0.75
1313,看到海报就不想看了,0.1654
1314,互评助攻,0.2884
1315,互评加油加油,0.9422
1316,感动啊 豆瓣真的一直很可怕的,0.9867
1317,长沙11号包场的一份子,0.0205
1318,广州芦聚合了，为大堡贝冲呀,0.8541
1319,没看电影看其他人评论觉得是烂片：你看都没看就说他烂。迫于压力去看完再说是烂片：知道烂你还去看干嘛。……行,0.1981
1321,回评,0.2174
1322,真的希望上海堡垒可以让路人对鹿哥改观啊,0.5316
1323,各位辛苦了，一路同行，祝福鹿晗,0.9764
1324,想去,0.5312
1325,不要再营销了，烦,0.055
1327,来啦来啦！互评,0.1822
1328,你的努力都会有回报,0.7947
1330,阳江的小姐妹们有参加的吗？,0.2313
1331,上海堡垒昨天看了 不吹不黑，从中立的角度谈，确实，很大气，立意高，能自洽，显示了中国科幻人特有的浪漫情怀 全片也时刻展现了导演对于整个故事的把控，演员对于角色的理解，尤其是在危急存亡之际闪耀出的大无畏的勇气与可歌可泣的爱情都让人泪目 全片水平之高，对标好菜坞的话，与环大西洋不相上,1.0
1334,看好江洋,0.4188
1336,广州芦到,0.7065
1337,幸好没去看，要不然就后悔死了,0.039
1341,辛苦了啊,0.82
1343,我觉得，人云亦云的东西很可怕，没有自己真正的去体验就去跟风的人，着实让人觉得可悲。,0.9361
1344,加油，回评来啦,0.7038
1345,来回评了,0.1779
1346,努力了就会有回报，是真的,0.7808
1347,扩扩扩！,0.9943
1348,笑到模糊,0.587
1350,群众的眼睛是雪亮的,0.2949
1353,我第一时间就买了票去，虽然开始是因为鹿晗才去的，（没有看过小说）我觉得剧情可能不是那么的完整，但是也没有说那么的无聊，至少我全程看完了而且确实有打动我的地方，但可能不是爱情，友情打动我的地方更多吧。其实网上有很多说烂的人有一部分我想没有去电影院看过吧,1.0
1357,一起加油,0.9048
1358,反正没有我，也不会有我的应援！,0.1676
1359,离大堡垒又近了一天,0.423
1361,我一个爆哭,0.3304
1362,欢迎互评,0.1822
1366, 欢迎积极参与呀！,0.75
1368,来回评啦,0.1779
1369,我好难过。,0.585
1370,互评来啦,0.1822
1373,来啦！来啦！,0.5262
1374,辛苦啦！,0.82
1376,加油早上好,0.9001
1377,花钱看烂片，你们还真是铁粉,0.1808
1378,感谢大巴有你们才能让我们相遇,0.8862
1379,期待新歌,0.8954
1380,鹿晗鹿晗鹿晗鹿晗鹿晗鹿晗鹿晗鹿晗鹿晗鹿晗鹿晗鹿晗鹿晗鹿晗鹿晗鹿晗鹿晗鹿晗,0.0247
1385,桶子送你，哥哥我抱走了,0.9798
1386,继续蹲,0.6429
1388,哇 好棒！,0.875
1389,最后等来了一个，广告,0.6559
1390,画的这么好吗,0.734
1391,请把桶子去掉,0.1605
1392,捞我自己！,0.8
1393,每人至少一百刷起啊！怎么才这么点票,0.1043
1394,啊啊啊啊好可爱！！！！,0.9342
1395,哈哈哈哈告诉我改了多少次,0.6951
1396,棒棒,0.997
1397,这个好！！！还有吗？？？还想看,0.0638
1398,啊这个画的好可爱,0.9131
1399,哈哈哈哈，看到桶子我笑了,0.8475
1400,感谢付出并一直记得陪你闯天下,0.9814
1401,哇哦，厉害,0.3596
1402,根据小编的随机抽取，恭喜,0.6894
1403,来啦！！！好棒！,0.621
1404,好可爱的,0.879
1405,看到桶子，我笑了，哈哈哈哈哈哈,0.9706
1407,有点想哭……,0.8031
1408, 小哥哥，其实我想说九宫格吧，它是需要不一样的色彩才对的！所以，我会一直等你的九宫格的！所以，无论你怎么皮，良票会一直在！最棒的你！,0.9923
1409,画得好可爱,0.9131
1412, 喜欢的你的笑，喜欢的眼，喜欢你的声音，喜欢你唱歌，喜欢你害羞，喜欢你自拍，有关你的一切，都喜欢！王老师你是最棒哒！！！,1.0
1413,明甜甜那么可爱，江司令官不考虑一下吗,0.9563
1416,终于有甜文，哭了,0.9358
1418,可爱啊,0.8089
1420, 全篇在这里！昨天发的那个有修改！,0.3834
1422, 墙都不扶就服lwjj，太有梗了 ,0.0356
1425, 最后回答问题也太会说了吧哈哈哈哈，主音吉他有点儿六啊,0.4477
1426,太可爱了吧,0.6663
1428,老王。咱们这是同款的脑子吗，神经大条到自己都无语了,0.3634
1429,喜欢是淡淡的爱，爱是深深的喜欢,0.9996
1432,好好看，好可爱,0.9169
1433,这次电影很给力，辛苦了。接下来为音乐鹿努力吧,0.9693
1434,这大半夜的这样真的好吗，又要失眠啦，重要的是我们一直在,0.6364
1435,江洋是最可爱的男孩纸,0.9444
1436,辛苦了❤️加油！,0.9723
1437,江哥好可爱,0.8673
1439,江小怂！！,0.2573
1440,万物再好，不及宫良,0.9691
1443,哥哥会越来越好,0.9875
1444,你是生命之光 永远在你背后支持你,0.978
1445,老大很是Nice,0.2782
1446,可爱！！,0.6286
1448,晚安 夜猫子…,0.512
1449,他就是出来冒了个泡,0.3623
1450,拥有良票，他格外幸福,0.9858
1451, 期待已久的采访来啦～你想知道的都在这里了,0.7769
1452,好看呀,0.7112
1453,今天光顾着看电影，积分任务还没完成，求互评啦,0.1114
1455,七夕节快乐,0.9333
1456,鹿晗哥哥又变帅了，喜欢这日系风格,0.9819
1457,所以……我如果使劲夸小爱和老王，有机会签名照嘛。,0.8963
1459,演技真的没话说，优秀,0.9556
1460,zhei个好看,0.6892
1461,鹿晗吧，一直是最棒，真的用所有的心切成的墙保护着他,0.9538
1463,回评加油,0.7038
1465,同学，可以微博互粉吗？,0.864
1466,土味情话迫击炮已攻破鹿晗的语言系统战线,0.0081
1468,因为太过爱你看谁都像情敌,0.7918
1471,特效很棒哦,0.8897
1473,期待期待,0.8154
1474,必须是我,0.5262
1476,外星生命是什么样子呢？,0.8454
1477,哇哇哇，优秀的,0.8581
1478, 终于等到你，还好没放弃,0.7034
1479,画的很可爱！好真实,0.9821
1480,π2继续加油,0.8953
1482,上海堡垒票房大卖,0.6961
1483,七夕情人节快乐，来互评啦,0.431
1484,没能去，但是一直支持你,0.44
1485,回评来啦！！,0.1
1487,我满打满算才九天，8号看的李宁枫,0.4977
1488,第一张真的是超帅,0.6872
1489,哈哈哈，最后一张画出了江洋的怂,0.8319
1492,七夕快乐呀,0.8935
1493, 辛苦了，希望以后多多关注老大,0.9057
1494,票房大卖,0.7715
1496,非常好看。效果很震撼。,0.9629
1498,姐妹以后除了官博，影评都不要再带包含大堡这四个字的话题了，还路人一个干净的广场好吗？这不是粉丝电影,0.9874
1499,看到有人艾特我了，我来夸王老师和小爱了。小爱考虑黑幕下,0.9997
1501,优秀,0.8704
1502,大卖！！,0.3333
1503,加油加油互評,0.561
1505,李宁枫，江齐飞，曾煜，都是王老师的不同面的展现，都爱都爱,1.0
1506,来了来了,0.8333
1507,九宫格的梗什么能过去,0.2714
1509,互评吗姐妹,0.1865
1510,上海堡垒票房大卖，加油互评,0.7971
1511,太好看了宝贝,0.8112
1513,越来越好,0.7106
1514,大吧威武，小吧雄壮,0.7363
1516,互评谢谢,0.2288
1518,求黑幕,0.3476
1520,老王在北京,0.8477
1522,我这边下架了,0.3356
1523,互评来也,0.3104
1525,来了,0.5262
1526,今天晚上就开奖了啊,0.3709
1527,哈哈，被“吓”出来的小表情忒可爱喽,0.7573
1530,真好!,0.6597
1536,回评了呀,0.5
1539,看一次笑一次,0.5085
1540,在呀,0.5262
1542,票房大麦,0.7716
1543,加油加油，互评鸭,0.8628
1544,来啦！加油,0.9048
1545,支持王宫良，期待小哥哥越来越好，给我们带来越来越多的惊喜！,0.9999
1547,上海堡垒大卖！,0.4588
1548,那个……我来啦………签名照的幸运是我的……,0.9324
1551,加油加油，致敬国产科幻大片,0.9994
1552,在地球最后的战场，与你坚守希望之光！期待八月九号上海堡垒！！！,0.9882
1553,终于等到了，enmmm       想要签名照,0.5532
1554,加油加油互,0.9734
1555,棒棒哒！,0.4738
1557,加油加油！,0.9878
1558,回评来啦加油,0.7038
1559,Nice的小哥哥 优秀！,0.9943
1562,回评啦!愿你被世界温柔以待,0.9073
1563,嗯。,0.5262
1569,鹿晗加油,0.8851
1572,陪鹿晗闯天下[加油][加油][加油],0.9982
1575,劳心劳力 给大粑粑表个白,0.3331
1578,林澜也喜欢江洋,0.8486
1579,这一次终于有我了 我不在缺席 三巡我们继续,0.4086
1581,辛苦啦 大粑粑,0.7869
1582,第一,0.5504
1583,愛大拔拔,0.5316
1584,期待剧情版mv，我已经无限循环《如果当时》一天啦，太好听了，更加期待《上海堡垒》啦，听《如果当时》看《上海堡垒》，0809让我们在电影院相遇吧(今天很多地方影院都开始预售了哦)，赶快安排起来吧,0.7543
1585,期待MV,0.666
1587,好看嘛,0.7112
1588,1.别问，问就是0809期待鹿晗。2.别问，问就是成见是一座大山。3.别问，问就是没看过没资格评论。4.别问，问就是不好看就别看。5.别问，问就是流量是原罪。6.别问，问就是主演担任导演制片后期。7.别问，问就是别拉我家哥哥下场。8.别问，问就是鹿晗歌手跨界演技进步。9.别问，问就是生而为人请你善良！,0.0
1589,鹿怎么了,0.5
1591,陪鹿闯天下,0.5512
1592,烂的都没法说了。。。,0.0121
1593,这哥的腿啊呜呜呜呜,0.6289
1594,其后那么遗憾，只因当时那么美。胡夏用细腻的歌声唱出了少年的遗憾。,0.9999
1595,有眼光，王宫良很优秀,0.991
1596,我也是个小透明,0.3964
1597,主动赔偿？不是原作者要求的赔偿吗？,0.0441
1598,看了这部电影的预告特别心动，又有胡夏的歌声，期待,0.9968
1599,辛苦了加油,0.975
1600,酷狗搜索【胡夏】快去提问吧,0.9789
1601,我去我在张家界，我7号就去长沙,0.1274
1602,营销号黑没有过瘾，前几天一波接一波，还不够吗？,0.7175
1604,期待mv上线 ,0.3744
1605,辛苦啦～,0.8356
1606,八点见,0.5
1607,你啥时候去啊,0.5132
1608,富婆终于有了表情包新素材 ,0.9355
1609,坐着看。,0.7278
1610,一整天都没有20万。,0.7276
1611,这是烂出新高度了……,0.6812
1615,很精彩,0.8104
1616,龙岭迷窟和云南虫谷表示不服啊,0.0312
1618,我我我我想去,0.5312
1620,昨天才去看的，感觉还是可以的,0.5776
1621, 如果当时许下最美承诺 从此整片星空并肩走过 这个世界需要顾忌太多 你的眉头不应该紧锁,0.9997
1622,等一个老板,0.3677
1624,如果你不欢喜我说这样的话，我仍然可以否认这些话是我说的，因为我只愿意说你所喜欢听的话。,0.4196
1625,从男一号选角色来看，第八都抬举了,0.8687
1626,哇，快来吧,0.7165
1627,路演电影上海堡垒见面会  深圳8.9长沙8.8 日  有入场Vip名额6个,0.0772
1629,拍烂了被骂惨了才能激励其他导演啊 而且以后大家知道流量没这么好使了 这简直有重要意义啊,0.0042
1632,拜访博主来了,0.4477
1633,幸好没中坑  一部没看,0.0709
1634,八点见！！,0.2857
1635,表情好可爱啊,0.9075
1636,看过了，真没有评论说的那么烂，客观来说，除了剧情有点太简单，效果还是挺可观的,0.5906
1637,期待MV～,0.666
1638,辣鸡,0.6775
1639,互动不谈以前的艰难，只论现在的坚持。,0.9145
1640,  一部我也没看过,0.5105
1641,八点见呀,0.5
1642,垃圾到无与伦比！！！！,0.1161
1646,其实我看了感觉没网上说的那么烂，可能是鹿晗黑粉太多？,0.0452
1647, 胡夏哥哥唱得太好听了,0.9942
1648,期待夏夏~,0.9759
1649,鹿晗6000万粉丝，目前《上海堡垒》票房1.2亿，按40元一张票，才300万人观看，也就是说只有5%的鹿晗粉丝在支持，我想问问剩下95%的鹿晗粉丝们，你们不想看的原因，在哪里？是故事情节烂？还是鹿晗表演烂？还是导演水平烂？,0.0049
1651,每天无限循环中,0.8635
1652, 期待《如果当时》MV上线,0.3744
1655,如果当时把你的手紧握,0.7827
1656,在等mv,0.5
1657,，,0.5262
1658,好的,0.6559
1659,如果是你，就不要犹豫,0.9655
1661,大吧辛苦了(≧∇≦)/,0.8076
1663, 《如果当时》,0.5262
1665,我被酸了,0.5
1666,一起来打榜吧，加油,0.9625
1667,MV里肯定很帅吧，毕竟清唱那个小视频好可爱,0.9638
1668,鹿哥会越来越好，下一步，专辑很重要啊,0.9636
1669,胡老板，这里呀,0.0893
1670,明天mv看起来哟,0.3378
1671,每天一个小目标，π2销量冲云霄[加油]//,0.9826
1672,来啦，互评,0.1822
1673,这部只是想借科幻圈点钱而已,0.7464
1678,《二十二》《三十二》为了一百万的资金忙前忙后。想想。哎。,0.8859
1679,我羡慕你啊，啊啊啊啊啊啊啊啊啊啊啊啊啊！我也想去，对了，记得写影评！,1.0
1680, 期待MV上线,0.3744
1681,加油～鹿晗你是个坚强的女汉子！,0.9981
1682,我也以为是,0.5262
1683,抱抱,0.75
1684,我感觉这部电影还是挺好看的感觉，舒淇很在线 ,0.9224
1685,一样，太失望了,0.0791
1686,藏头诗！好有才！,0.9003
1688,故事单薄 剧情的锅 不过你要当小清新看看还是可以的 跟其他烂片比好太多了,0.6117
1689,嘻嘻 八点见,0.9387
1691,买了之后多久收到的,0.1742
1692,口碑这么烂我想去看都看不成，电影院售出4张票才开场,0.0038
1693,没有发布会那张,0.3196
1694, 深情予你，未来可期。长路迢迢，心随千里。这个七夕，因你而甜,0.9952
1696,来了！八点见,0.5
1699,对不起 片片 我头一次没把你的讲解看完,0.8167
1700,可能我双商比较低吧，我的确没看懂，没理解这部电影想讲什么。,0.872
1701,小伙子不错，明天开始写简报吧,0.7918
1703,而我暑假在家闲了一个多月,0.8012
1706,富春山居图了解一下,0.3559
1707,开心,0.7429
1708,如果当时我把你手紧握，紫色大丽花下泪眼婆娑,0.7196
1709,感谢大吧！！！,0.349
1710,握手,0.8276
1711,word天！片片你更得有点太快了吧！,0.6265
1712,正如采访中导演说的一样！观众都不瞎！,0.9726
1713,我都一个月了 还没信,0.2691
1714,有狗骂你回复我，我插个眼,0.1409
1716,庆幸的是，好多烂片，我都避雷避过去了 ,0.3467
1718,说白了就是演员的问题,0.9759
1719, 八点酷狗见,0.2985
1720,#如果当时-胡夏[音乐]#,0.3228
1722,片片属实是不容易啊，好奇你是怎么看下去的？,0.209
1723,哈哈哈哈哈哈评论在干嘛,0.8732
1724,我有史以来进电影院看的最难看的电影 这部成功上榜,0.2812
1726,好啦，别在人家伤口上撒盐，其实每年都有很多烂片 ,0.2851
1728,来了，积分来了,0.5
1729,不仅没看过，而且大多都没听过。。。,0.4723
1730,转发,0.5
1731,司令的扮演者石凉，最早的北京卫视《档案》就是他主持的，我超级喜欢，他说英语特别好听。至今觉得当时他主持的档案最好。,0.7344
1732,啊啊啊啊好棒啊!,0.9808
1733,楼主顶住，很快要有舔狗来喷你了,0.0271
1735,卧槽，好多都看过。。。。这是要叫我看淘票票榜单的节奏么,0.0432
1736,￼鹿晗超话 ,0.4219
1737,哇哦,0.5262
1738,~凯有两部上榜，其中一部还排名第一啊？票房毒药？,0.3971
1739,感谢每个参与的你，未来我们一鹿前行,0.9845
1740,哈哈哈哈，你这个彩蛋比电影有意思多了,0.9987
1741,送你微笑，自己琢磨,0.7147
1743,我看上海堡垒是为了看我女神舒淇。结果搞得我也不想看了。 ,0.4131
1745,期待0809上海堡垒,0.575
1746,科技片烂起码是科技，这个只不过是打着科技片的明显，想用小鲜肉的流量圈钱,0.6165
1749,直接复制这条 ！一定要带话题！评论也带！！！,0.4435
1750,上海堡垒感觉确实不咋好看，我看了真是无语 ,0.4074
1752,赞,0.9179
1753,互评吧朋友,0.2391
1754,富春山居图！,0.3559
1755,翻车咯,0.4383
1756,感觉鹿晗演什么都是一个表情一个态度。。。不管你是不是爱豆，演技怎么样，至少要尊重艺术，重视作品吧，一点主见没有，难道是在娱乐圈打拼的没有棱角了?,0.5792
1757,捞一捞,0.7827
1758,还是在家里看电视剧吧，上映的电影都不知道看什么好了，不好看的电影不看就行了 ,0.9917
1759,这文案 太绝了 上海堡垒期待江洋  鹿晗先生七夕快乐 ,0.9603
1761,烂不烂无所谓 赚到钱就好了,0.1246
1762, 百度鹿晗吧，陪你闯天下。,0.4989
1763,一直都听着，泡泡浴,0.3991
1764,舒淇也太难了，居然演了这么个烂片,0.1064
1765,问题是你这大烂片票价跟哪吒跟复联4一样，你若卖10元一张，谁还吐槽你？,0.2207
1767,连解说都好无聊 ，去电影院的是怎么看下去的,0.4124
1769,这个我确实没有想到，网友也太挑剔了。 ,0.6691
1770,七夕快乐，好好睡，晚安,0.8462
1772,所以这些烂片不是为了洗钱？,0.0953
1774,同事鹿晗粉丝 买了四张票请我们看，我那天正好有事没看，估计看了也睡觉,0.332
1775,真搞不懂怎么就是烂片了，个人觉得还是挺可以的。 ,0.34
1778,九龙不败！,0.6935
1779,一路伴晗,0.7251
1780,我是铁粉了吗,0.5
1781,我也看了这部电影，感觉真的是无力吐槽的。 ,0.9898
1784,跳舞吧大象也是烂片,0.7086
1786,这部片连片片的解说都不想看..,0.6456
1787,舒淇演技不错的啊！！应该还可以吧！！在线等 ,0.4233
1788,上海堡垒期待江洋 鹿晗先生七夕快乐,0.9086
1789,来啦,0.5262
1790,我……我竟然一部都没看过……,0.4187
1791,早安加油,0.9656
1792,【互评啊】 直接复制这条 ！一定要带话题！评论也带！！！,0.1378
1793,上海堡垒我还没有看，真的就这么烂吗？,0.2318
1795,德云社，快乐家族，跑男成员。这其中有电影，大家自动回避，烂片概率99%,0.9979
1797,听你这么一讲 觉得这戏让鹿晗背锅有点过了 换谁演都要翻车,0.6559
1798,互评互评呀！,0.0428
1799,其他几部我还没看过，准备去看一看呗。 ,0.6644
1800,借图，谢谢啦。,0.8174
1801,堡垒大麦，来给甜美系回评了,0.8314
1802,   ,0.5262
1803,……我也不想看,0.5618
1804,: 互评互评，直接复制这条 ！一定要带话题！评论也带！！！,0.0311
1805,其实有很多电影都是因为剧本太老套了。 ,0.8799
1807,一鹿相伴加油互评,0.6985
1810,最气的是！我对象非得去看，说是特别牛逼的电影，我特么。钱也回不来,0.8451
1811,我好长时间都没有去电影院看电影了，这几部我还都没看过。 ,0.9317
1812, lh首部主演电影《重返20岁》刷新中韩合拍片票房最高纪录，电影《我是证人》创下同类型影片的开画纪录，电影《盗墓笔记》拿下当年暑期票房冠军，主演科幻电影《上海堡垒》将于今年8月9日上映，票房大卖～,0.9999
1813,加油，求互评,0.5038
1815,美丽的宝贝,0.9718
1816,果然，把科幻年刚刚打开的一扇窗牢牢地焊死了,0.7205
1817,: ,0.5262
1818,这个服装造型我觉得还行吧，就是演技不怎么地。 ,0.7617
1822,美丽的姐姐,0.9627
1824,我连片片讲盗梦空间都看懂了，居然没看懂这破电影,0.5239
1825, 0809期待灰鹰小队江洋,0.8982
1826,都被评为烂片儿啦。本来我跟我弟弟说要去看的。 ,0.0647
1828," 江洋, bye bye了。。。 会永远记得2019年这个夏天 ",0.8327
1829,转发了,0.5
1830,冲!,0.5262
1831,这美丽的女人 我陶醉了,0.9913
1832,当时真的考虑半天要不要看,0.1678
1833, 互评加油,0.6558
1835,梁大侠，哈哈，名字真霸气,0.6644
1836,祝上海堡垒票房大卖！顺便说一句每德我爱你,0.9572
1837,我姐姐真好看，嘻嘻,0.9907
1838,哈哈  笑出声的那个,0.2886
1841,期待上海堡垒，为家园遇强则强，勇往直前，好看才是王道！大爱！超级喜欢期待鹿晗和舒淇的组合！看点多多！值得观看,1.0
1843,格式错了,0.5386
1844,期待上海堡垒！支持鹿晗！期待精彩的演技！支持中国科幻电影！史诗般壮丽，奋勇争先，一马当先！加油很好看期待,1.0
1845,关注作品就好了大家,0.948
1847,帅炸了,0.938
1848,酷,0.7368
1850,她真的太美了！！！！,0.5194
1852,二十多次翻牌....姐妹分我点呗,0.0549
1854,期待611,0.666
1855,电影上海堡垒,0.7339
1856,美丽的女人！,0.9199
1858,电影里说就江洋活下来了嘛，老杨应该翘了。仙藤没了，没能量给大炮供给了，那就沉睡喽,0.9681
1859,哈哈哈羡慕了,0.9971
1860,多多关注作品啦！多多关注我们的宝藏女孩啦,0.9999
1862,也许我可以试试！,0.8118
1863,  想要电影票了,0.558
1864,美人,0.8571
1865,像极了我2年前的样子，还好我退坑早,0.0475
1866,有奖品有奖品,0.8901
1867,小胖导演工作的时候还是很霸气呢,0.9138
1868,想要,0.5442
1870,辛苦啦小胖熊 瘦没,0.9726
1871,看看我！,0.5262
1872,直接购买单曲就可以啦,0.626
1873,感谢各位工作人员的付出 感谢导演的指导 感谢江洋先生拯救上海 2019我们不见不散,0.9875
1874,想要周边,0.6172
1876,鹿晗我喜欢好电影喜欢看电影！真棒！不容错过的电影支持到底！期待好运我想看,0.9998
1877,导演辛苦,0.9134
1878,嘻嘻，举手举手,0.9955
1879,辛苦了导演！！！,0.7117
1881,谢谢导演，期待,0.8722
1883,期待上海堡垒！感谢每一位的辛苦付出让我们2019年有好的电影看也感谢您对鹿晗的照顾！未来可期[加油][加油][加油],1.0
1885,感谢导演，感谢工作人员对鹿晗的照顾，2019看江洋哥哥,0.9998
1886,堡垒票房大卖,0.7524
1887,感谢导演对鹿晗的照顾 一起期待2019年,0.9951
1888,期待灰鹰小队，期待曾煜,0.9917
1889,我就是不会写r！mua的！！！！,0.1351
1890,书 好看吗？,0.787
1891,辛苦导演了！！！2019我们不见不散,0.5062
1892,天呐！上海堡垒里有你啊！！！到时候去看！！！为了鹿哥！为了你！,0.0369
1893,呜呜呜第一次见到女a男o,0.3831
1895,突然发现，是和小鹿一起拍过的剧，哈哈，，期待期待，李所长，希望多看到你哦,0.9583
1897, 恭喜杀青，,0.7298
1898,曾曾曾曾煜……,0.9983
1899,垃圾电影,0.3475
1900,导演辛苦了 期待您的作品！,0.981
1901,不会剧荒了,0.2217
1902,！！！！,0.2295
1903, 导演辛苦啦！期待2019！期待上海堡垒,0.9624
1904,哥哥好样的,0.9665
1905, 谢谢导演,0.7739
1906,天呐   上海堡垒里面有我两个最爱的男生  一个鹿哥一个你,0.8727
1907,期待上海堡垒，期待江洋哥哥，谢谢导演，谢谢全体演员,0.9996
1908,恭喜恭喜！你成功引起了我的注意！爱上了你！被我爱上的人后来都火的一发不可收拾,0.9623
1909,李所长跟我家小鹿一起拍戏，开心！一个电影里两个喜欢的人,0.9209
1910,看到你关注了小鹿和上海堡垒，才发现原来你也拍了这个电影！这回既可以支持小鹿也可以看到你了！开心啊！你因为李宁枫火了你知道吗？,0.7812
1911,你的照片呢？,0.4574
1912,老王,0.8421
1913,期待你哦,0.689
1914,我也超级期待 要等一年 想赶紧看到 期待在电影院里看到你的表演,0.8167
1915,很期待你的新作，不管你是王柯达还是王宫良，都愿你每天开心幸福，好吗？,0.9999
1916,不仅仅是鹿晗的锅，剧本确实差，而且导演真的不行。只是鹿晗是流量么，个个拿着人家骂,0.1583
1917,明星还是很重要的.哪怕剧本烂，很多人还是会冲着明星去.所以鹿晗这样的影响力还不足以当主角撑起一部电影的.,0.9998
1919,你在向往的生活里是怎么说的？,0.9149
1920,希望大家多多支持上海堡垒……独家手机合作伙伴——小米，别让小米亏得太惨了,0.7776
1921,哦豁我也在第一排,0.3266
1922,。,0.5262
1923,你说的有点对呀,0.3088
1924,你有大合照吗,0.5057
1925,鹿晗：我有逼你们看吗？,0.6092
1927,离得这么近,0.5893
1928,这是送分题我会 英语经常这么干,0.3195
1930,不远，没有我选的选项，我要选观众，没有观众哪来的票房？,0.9998
1931,缺一不可？你是在搞笑么？那这个问题有啥意义？,0.7144
1937,上海堡垒在网上连抢版都没有，这应该是对一部院线电影最大的侮辱。,0.6473
1938,萌,0.7778
1939,选项里面居然没有让蔡徐坤去演！让流量明星上阵！这才是电影票房的保证！这个上海堡垒之所以没票房就是因为鹿晗现在没以前火了，过气了，知道不！,0.7111
1940,幸运的我还中了奖，真好,0.9798
1941,这部电影成功关闭了中国科幻片的序幕。,0.9723
1942,我的大堡贝,0.7501
1944,怎么说呢，流量明星的演技怎么心里没点普吗？自己想靠流量明星保本，结果亏了，自己不应该反思吗？而且除了这个问题，这本电影本身也是有问题的,0.9828
1945,我被挡住了，我第二排的,0.1435
1946,江江宝贝,0.7511
1947,编剧编得烂，导演导得不好，关演员什么事！我女儿和我妹去看了，说是故事情节太烂了好吧！,0.162
1948,好棒！,0.875
1950,很可爱,0.887
1951,多余的选项,0.6393
1953,好可爱的江洋哥哥啊,0.9956
1954,剧情的问题,0.6316
1955,棒棒哒！加油,0.8851
1956,下,0.5042
1957,好可爱的江洋啊,0.887
1958,服了 我一个路人都看不下去了 这又开始骂蔡徐坤了？之前喷因为鹿晗演不看 播完了又喷要不是鹿晗就不去看 现在又喷蔡徐坤粉丝多？你要不先去喷喷废青？不想喷废青就把你嘴闭上,0.0002
1959,哇偶,0.5606
1961,剧本简直、看了预告就感觉像看过这个电影一样、总感觉和哪一步很像,0.9891
1962,剧情看不懂，所以没人看,0.4637
1963,假装有我的亚子,0.8021
1964,小可爱江洋,0.8221
1965,不是鹿晗自己说的“向我开炮”吗,0.1977
1966,小江司令,0.4641
1967,⊙∀⊙！,0.5
1968,棒棒的！[加油][加油][加油],1.0
1975,哇哇哇哇，太帅啦，羡慕去现场的宝宝,0.9623
1976,#鹿晗# 哇！！！！我不知道说啥了！！！,0.0015
1979,图片拍的不错！,0.8655
1980,恭喜杀青，各位都辛苦了，期待鹿晗，我们2019见吧❤️,0.9006
1981,热搜来啦,0.2107
1982,新年快乐,0.7056
1983,这图喜欢,0.7736
1984,怪林俊杰谁叫他唱了江南。,0.9271
1986,很酷很酷的江洋哥哥,0.9977
1987,「上海电影节 上海堡垒剧组红毯」,0.5111
1988,新年快乐，辛苦了,0.9077
1989,啊啊啊鹿晗 ,0.7086
1990,江洋加油啊,0.9112
1991,这么好的作品，我认为上面所说的东西都缺一不可，但是最重要的东西还是演员们精妙的演技。这才是整部电影的灵魂！没有它，还叫什么烂片？,0.9998
1992,沈阳能包个imax场么？直到现在都没有看到上海堡垒imax场是我最大的遗憾！,0.7337
1993,神图,0.6914
1994, 表白少爷,0.6831
1995, 哈哈哈两个人都好可爱啊,0.9768
1996,新年快乐！都辛苦啦！,0.9158
1997,   //,0.2
1998,不站队，但觉得部分媒体断章取义，乱起标题，乱带节奏。,0.7029
2001,恭喜上海堡垒杀青！辛苦啦！期待,0.9374
2002, 都好可爱，真的是赏心悦目,0.9879
2004,期待2019上海堡垒，期待江洋！,0.7446
2005,上海堡垒我初中时看过，故事真的很流畅，本来真的很个很好的剧本的啊，可惜了。,0.9978
2006,一鹿同行,0.1667
2008,期待江洋！！辛苦了,0.797
2010,一定去看,0.5748
2012,哪一个完蛋都完蛋,0.4774
2013,加油加油加油我们芦苇真棒,0.9993
2014,好甜,0.8512
2015, 超级期待啊啊啊,0.8128
2016,一直都是可爱的小朋友,0.9086
2018,哇，请开启舔屏模式,0.0457
2020,剧组所有人员的努力,0.6045
2023,哇！高高好帅！！,0.2647
2024,我以为鹿晗背了个包，以为衣服上是书包带,0.7744
2026,我的江洋哥哥，2019影院见,0.9694
2027,哪里有同款的郁金香买？,0.8545
2028,我觉得缺一不可,0.75
2029,真好，日常期待8月27号π2，,0.6937
2031, 哇 期待江洋！太帅了！期待鹿晗,0.777
2032,第三张鹿鹿太乖啦,0.3537
2034,啊啊啊  恭喜鹿哥杀青  期待19江洋  鹿哥辛苦了,0.9601
2035,小江洋好可爱～,0.8984
2036,有人看了吗，是真的很难看吗,0.6166
2037,上海堡垒炸成这样开心吗,0.6382
2038,我的天啊每一张都好好看!!!!好甜好甜我晕了,0.5081
2039,啊啊啊啊啊啊，请问是直接跪吗,0.6488
2040,中国版宠物情人可以有吗,0.9478
2042,替男饭抢个热门,0.9258
2043,好可爱啊,0.879
2044,666,0.5
2045,嗷嗷嗷嗷嗷嗷嗷嗷嗷嗷，爱了爱了,0.7357
2046,高以翔也非常符合杨建男的设定了,0.9426
2047,俩人好搭,0.8545
2049,可爱的江洋呀,0.8206
2050,起码剧情得合理吧乱品乱凑主题和内容偏重不符谁会觉得好,0.0184
2051,看到好几个男生，鹿宝男饭不少呢,0.6748
2052,可耐,0.6034
2053,너무 기대된다 따흐흐흐흐흫,0.4477
2054,可爱的鹿5晗本晗,0.7025
2055,一定会票房大卖,0.7905
2056,送我上去，啊啊啊啊,0.8827
2058,我感觉导演是责任人，锅推不掉，而且挑演员也是导演必备的功力，挑不好演员还做啥导演,1.0
2059,辽宁终于有包场可我却来北京旅游了,0.2523
2061, 表白高以翔,0.3013
2062,终于有人截p1了,0.4669
2063,新春快乐！,0.7704
2064,我的江洋哥哥！激动的不会打字了！爱你啊，等你一直等你！ ,0.9893
2065, 好好睡，晚安,0.4214
2066,营销号又在乱带节奏了，为了点流量去毁了一个导演，良心不会痛吗？,0.1566
2067,哇啊啊啊不在大连啊,0.8201
2068, 被杨指挥官帅哭！爆灯！疯狂打 call ,0.9802
2069,预祝,0.5
2070,期待江洋哥哥！,0.9857
2071,可爱的江洋,0.8206
2072,做重要是导演  因为导演是这个剧／电影的中心  剧本 演员  都得是导演来挑选   非常考验导演眼光  能力     说这个演员演技行不行  适不适合这个角色      虽说演员演技有好有坏  那最后敲板不是导演吗,1.0
2074, 超级期待！高以翔新作指挥官的角色,0.9856
2075,我真的get到了cp感！！！会有江洋哥哥醉酒跟林澜姐姐耍酒疯表心意的那一幕吗,0.9915
2077,辛苦了，江洋，2019见,0.7146
2078,好可爱的江洋,0.887
2079,开始甩锅了,0.2618
2080, P4呜呜呜呜 你撒撒娇 我心都化了,0.9697
2081,哦妈呀，高以翔扮演杨建南！！！我以前看胜女的代价迷过他一阵，他真的很适合这个角色,0.9996
2082,小鹿害羞了,0.4763
2083,期待上海堡垒！新年快乐！,0.7643
2084,想把你捧在手心,0.5261
2086,果然露点头发更好看了,0.8862
2087,2019等你 杨指挥官,0.7715
2088, 第一张好A阿！！,0.3476
2089,恭祝鹿晗新春快乐！预祝《上海堡垒》票房大卖！！！,0.5155
2090, 杀青快乐,0.9438
2091,好可爱！,0.879
2092,这导演是在炒作么？！,0.0204
2094,笑起来简直绝了好吗,0.5444
2095,期待高以翔高七帅的精彩演出,0.9721
2096,人美心善,0.9175
2098,你这样不好,0.2451
2099,郁金香消失了吗,0.901
2100,看预告，特效还好,0.835
2102,奶黄包,0.9618
2103,妈呀，高以翔演杨建南！,0.9697
2106,啊啊啊啊啊啊，一天两博！！！！出关了就不一样，我活过来了啊,0.4642
2107,我小江好乖妈呀,0.8892
2108,有多少没有看到最后选项而后悔的？心急总误事，大热天要淡定啊～,0.0773
2109,【鹿晗吧辽宁分会包场第二场-大连】热血常燃，无畏前行，因爱集结，予鹿勋章[加油][加油][加油],1.0
2111, 杨建南指挥官,0.9382
2112,第三张奶鹿鹿,0.2915
2113,鹿晗堆塔数据群恭祝鹿晗新春快乐！,0.7046
2114,我们小江,0.4903
2115,缺一不可,0.75
2118, 新年快乐 上海堡垒票房大卖,0.8317
2121,向→有病？人家怪鹿晗了？,0.2286
2122,一切美好的事物结识你,0.8797
2125,好可爱，我们江司令,0.8486
2126,3,0.3901
2127,加油小堡贝,0.9625
2128,上海堡垒冲呀,0.4297
2129,表白高以翔,0.3013
2130,小可爱江洋 ,0.8221
2131,特效还是可以的，就是剧本和演技,0.8949
2132,甜度满分,0.7298
2133,杨建南指挥官 帅型高七帅 喊破喉咙为你打call,0.9866
2134,新年快乐！,0.7056
2135, 可爱可爱,0.9416
2136,演员这两个字好多娱乐圈里的人都算不上吧，还以为是郭敬明的粉丝票房时代？,0.9997
2138,哇，期待早日看到你的杨建南,0.9528
2139,预祝票房大卖,0.7524
2140,我觉得一部好的电影需要有一个好的剧情外加会演戏的演员而不是所谓的“流量明星”,0.9974
2141,可爱死了！！,0.412
2142,图五视频里舒淇姐姐好像还说了“你怎么这么乖啊”,0.8542
2144,这个配图我给满分,0.7298
2145,这导演   自己当初干嘛去了    现在怪这个怪那个   自己不行   怨别人,0.1485
2146,可可爱爱！！,0.8192
2147,我170在我们学校，男生都比我高不了多少，178绝对够用，男神身高了好吧，还说矮，原来大家人均身高都185的嘛？,0.8148
2151,都好帅都好帅啊啊啊啊啊,0.8893
2152,恭喜恭喜,0.8901
2153,好的好的,0.7658
2154,很棒,0.8649
2156,啊啊啊啊啊啊啊好好看,0.9708
2157,感谢导演！感谢我们的团队！让我有了一次非凡的经历。已经迫不及待要走进电影院了,0.9938
2158,好吧我承认鹿晗很美比一般女生还要好看  但是不能这样就说人家娘了,0.9697
2159,江洋加油,0.9112
2161,可可爱爱！,0.9189
2162,杀青快乐 辛苦啦 期待电影的上映 期待江洋哥哥,1.0
2164,一定要去看,0.5748
2166,可爱！！！！,0.5316
2167,一部抗战片，就应该接近过去，学下亮剑，那才是真正的抗日战争片，观众不想看美化过头的，那不如看好莱坞，接近历史贴近生活，还原过去才能好看,1.0
2169,表白江洋哥哥,0.9264
2170,鹿晗你敢不敢直视一下姐姐哈哈哈哈,0.8334
2171,好可爱啊。我们的江江。,0.8486
2172,过得去的素质加了不起的营销就行,0.4389
2174,#鹿晗# 恭喜杀青！辛苦了各位演职人员！最后表白我鹿！,0.1926
2175,你别说，这个有点林澜和江洋的感觉,0.6277
2176,除夕快乐！,0.9438
2177,111,0.25
2179,期待我们杨指挥官,0.8821
2182,。。,0.4768
2184,不是以粉丝说话，我看了原著，非常喜欢，我觉得导演选的这三个角色真的和我看书时想像的角色非常像，导演好眼力，非常期待这部电影,1.0
2187,本来想看，结果一看评论，还是打住了,0.6432
2188,哇！哥哥笑得好甜,0.9971
2189,你们辛苦了，2019年期待我们的江洋上线,0.8981
2190,这几张图我能get到鹿晗的帅了,0.3586
2192,好可爱又帅气的鹿哥，图我拿走啦,0.8425
2194,啊啊啊啊最后那个笑啊,0.9445
2196,这俩好好玩哈哈哈哈,0.7415
2197,我们的江洋,0.5455
2198,是个好片子 但是主角儿不太合适,0.9806
